Event Index,UTC Timestamp,UTC Date and Time,Local Timestamp,Local Timezone,Local Date and Time,Experiment ID,Experiment Version,Tree Node Key,Repeat Key,Schedule ID,Participant Public ID,Participant Private ID,Participant Starting Group,Participant Status,Participant Completion Code,Participant External Session ID,Participant Device Type,Participant Device,Participant OS,Participant Browser,Participant Monitor Size,Participant Viewport Size,Checkpoint,Room ID,Room Order,Task Name,Task Version,randomiser-5g79,Spreadsheet,Spreadsheet Name,Spreadsheet Row,Trial Number,Screen Number,Screen Name,Zone Name,Zone Type,Reaction Time,Reaction Onset,Response Type,Response,Attempt,Correct,Incorrect,Dishonest,X Coordinate,Y Coordinate,Timed Out,randomise_blocks,randomise_trials,display,Stimulus,Answer,Congruency,Practice
1,1708881047000,25/02/2024 17:10:47,1708881046872,1,25/02/2024 18:10:46,143587,31,task-cjtc,,35489813,qdvg4,9856429,,complete,,,computer,Desktop or Laptop,Mac OS 10.15.7,Chrome 120.0.0.0,1440x900,1440x813,,,,Stroop Task,5,DGS,spreadsheet_stroop_100,,,BEGIN TASK,,,,,,,,,,0,1,0,,,,,,,,,,
2,1708881105733,25/02/2024 17:11:45,1708881105639,1,25/02/2024 18:11:45,143587,31,task-cjtc,,35489813,qdvg4,9856429,,complete,,,computer,Desktop or Laptop,Mac OS 10.15.7,Chrome 120.0.0.0,1440x900,1440x813,,,,Stroop Task,5,DGS,spreadsheet_stroop_100,spreadsheet_stroop_100,1,1,1,Screen 1,button,continue_keyboard,58279.90000009537,,,,,0,1,0,,,,,,Instructions,,,,
3,1708881106223,25/02/2024 17:11:46,1708881106123,1,25/02/2024 18:11:46,143587,31,task-cjtc,,35489813,qdvg4,9856429,,complete,,,computer,Desktop or Laptop,Mac OS 10.15.7,Chrome 120.0.0.0,1440x900,1440x813,,,,Stroop Task,5,DGS,spreadsheet_stroop_100,spreadsheet_stroop_100,2,1,1,Screen 1,fixation,fixation,499.90000000000146,,,,,0,1,0,,,,,,Practice Trials,REDred.jpg,red,1,1
4,1708881107562,25/02/2024 17:11:47,1708881107461,1,25/02/2024 18:11:47,143587,31,task-cjtc,,35489813,qdvg4,9856429,,complete,,,computer,Desktop or Laptop,Mac OS 10.15.7,Chrome 120.0.0.0,1440x900,1440x813,,,,Stroop Task,5,DGS,spreadsheet_stroop_100,spreadsheet_stroop_100,2,1,2,Screen 2,buttona,response_keyboard,1326.5999999046326,,,red,1,1,0,0,,,,,,Practice Trials,REDred.jpg,red,1,1
5,1708881108323,25/02/2024 17:11:48,1708881108240,1,25/02/2024 18:11:48,143587,31,task-cjtc,,35489813,qdvg4,9856429,,complete,,,computer,Desktop or Laptop,Mac OS 10.15.7,Chrome 120.0.0.0,1440x900,1440x813,,,,Stroop Task,5,DGS,spreadsheet_stroop_100,spreadsheet_stroop_100,3,2,1,Screen 1,fixation,fixation,500,,,,,0,1,0,,,,,,Practice Trials,YELLOWblue.jpg,yellow,0,1
6,1708881110348,25/02/2024 17:11:50,1708881110277,1,25/02/2024 18:11:50,143587,31,task-cjtc,,35489813,qdvg4,9856429,,complete,,,computer,Desktop or Laptop,Mac OS 10.15.7,Chrome 120.0.0.0,1440x900,1440x813,,,,Stroop Task,5,DGS,spreadsheet_stroop_100,spreadsheet_stroop_100,3,2,2,Screen 2,buttona,response_keyboard,2025.4000000953674,,,yellow,1,1,0,0,,,,,,Practice Trials,YELLOWblue.jpg,yellow,0,1
7,1708881111177,25/02/2024 17:11:51,1708881111073,1,25/02/2024 18:11:51,143587,31,task-cjtc,,35489813,qdvg4,9856429,,complete,,,computer,Desktop or Laptop,Mac OS 10.15.7,Chrome 120.0.0.0,1440x900,1440x813,,,,Stroop Task,5,DGS,spreadsheet_stroop_100,spreadsheet_stroop_100,4,3,1,Screen 1,fixation,fixation,500.79999999999563,,,,,0,1,0,,,,,,Practice Trials,YELLOWyellow.jpg,yellow,1,1
8,1708881111921,25/02/2024 17:11:51,1708881111846,1,25/02/2024 18:11:51,143587,31,task-cjtc,,35489813,qdvg4,9856429,,complete,,,computer,Desktop or Laptop,Mac OS 10.15.7,Chrome 120.0.0.0,1440x900,1440x813,,,,Stroop Task,5,DGS,spreadsheet_stroop_100,spreadsheet_stroop_100,4,3,2,Screen 2,buttona,response_keyboard,760.7000002861023,,,yellow,1,1,0,0,,,,,,Practice Trials,YELLOWyellow.jpg,yellow,1,1
9,1708881112737,25/02/2024 17:11:52,1708881112640,1,25/02/2024 18:11:52,143587,31,task-cjtc,,35489813,qdvg4,9856429,,complete,,,computer,Desktop or Laptop,Mac OS 10.15.7,Chrome 120.0.0.0,1440x900,1440x813,,,,Stroop Task,5,DGS,spreadsheet_stroop_100,spreadsheet_stroop_100,5,4,1,Screen 1,fixation,fixation,500,,,,,0,1,0,,,,,,Practice Trials,REDgreen.jpg,red,0,1
10,1708881113332,25/02/2024 17:11:53,1708881113244,1,25/02/2024 18:11:53,143587,31,task-cjtc,,35489813,qdvg4,9856429,,complete,,,computer,Desktop or Laptop,Mac OS 10.15.7,Chrome 120.0.0.0,1440x900,1440x813,,,,Stroop Task,5,DGS,spreadsheet_stroop_100,spreadsheet_stroop_100,5,4,2,Screen 2,buttona,response_keyboard,592.6000003814697,,,red,1,1,0,0,,,,,,Practice Trials,REDgreen.jpg,red,0,1
11,1708881114126,25/02/2024 17:11:54,1708881114041,1,25/02/2024 18:11:54,143587,31,task-cjtc,,35489813,qdvg4,9856429,,complete,,,computer,Desktop or Laptop,Mac OS 10.15.7,Chrome 120.0.0.0,1440x900,1440x813,,,,Stroop Task,5,DGS,spreadsheet_stroop_100,spreadsheet_stroop_100,6,5,1,Screen 1,fixation,fixation,500,,,,,0,1,0,,,,,,Practice Trials,BLUEyellow.jpg,blue,0,1
12,1708881119010,25/02/2024 17:11:59,1708881118934,1,25/02/2024 18:11:58,143587,31,task-cjtc,,35489813,qdvg4,9856429,,complete,,,computer,Desktop or Laptop,Mac OS 10.15.7,Chrome 120.0.0.0,1440x900,1440x813,,,,Stroop Task,5,DGS,spreadsheet_stroop_100,spreadsheet_stroop_100,6,5,2,Screen 2,buttonb,response_keyboard,4881.300000190735,,,blue,1,1,0,0,,,,,,Practice Trials,BLUEyellow.jpg,blue,0,1
13,1708881119804,25/02/2024 17:11:59,1708881119720,1,25/02/2024 18:11:59,143587,31,task-cjtc,,35489813,qdvg4,9856429,,complete,,,computer,Desktop or Laptop,Mac OS 10.15.7,Chrome 120.0.0.0,1440x900,1440x813,,,,Stroop Task,5,DGS,spreadsheet_stroop_100,spreadsheet_stroop_100,7,6,1,Screen 1,fixation,fixation,500,,,,,0,1,0,,,,,,Practice Trials,GREENred.jpg,green,0,1
14,1708881121616,25/02/2024 17:12:01,1708881121533,1,25/02/2024 18:12:01,143587,31,task-cjtc,,35489813,qdvg4,9856429,,complete,,,computer,Desktop or Laptop,Mac OS 10.15.7,Chrome 120.0.0.0,1440x900,1440x813,,,,Stroop Task,5,DGS,spreadsheet_stroop_100,spreadsheet_stroop_100,7,6,2,Screen 2,buttonb,response_keyboard,1802.2000002861023,,,green,1,1,0,0,,,,,,Practice Trials,GREENred.jpg,green,0,1
15,1708881122402,25/02/2024 17:12:02,1708881122322,1,25/02/2024 18:12:02,143587,31,task-cjtc,,35489813,qdvg4,9856429,,complete,,,computer,Desktop or Laptop,Mac OS 10.15.7,Chrome 120.0.0.0,1440x900,1440x813,,,,Stroop Task,5,DGS,spreadsheet_stroop_100,spreadsheet_stroop_100,8,7,1,Screen 1,fixation,fixation,499.90000000000873,,,,,0,1,0,,,,,,Practice Trials,BLUEyellow.jpg,blue,0,1
16,1708881123327,25/02/2024 17:12:03,1708881123253,1,25/02/2024 18:12:03,143587,31,task-cjtc,,35489813,qdvg4,9856429,,complete,,,computer,Desktop or Laptop,Mac OS 10.15.7,Chrome 120.0.0.0,1440x900,1440x813,,,,Stroop Task,5,DGS,spreadsheet_stroop_100,spreadsheet_stroop_100,8,7,2,Screen 2,buttonb,response_keyboard,920.1999998092651,,,blue,1,1,0,0,,,,,,Practice Trials,BLUEyellow.jpg,blue,0,1
17,1708881124127,25/02/2024 17:12:04,1708881124040,1,25/02/2024 18:12:04,143587,31,task-cjtc,,35489813,qdvg4,9856429,,complete,,,computer,Desktop or Laptop,Mac OS 10.15.7,Chrome 120.0.0.0,1440x900,1440x813,,,,Stroop Task,5,DGS,spreadsheet_stroop_100,spreadsheet_stroop_100,9,8,1,Screen 1,fixation,fixation,499.8999999999942,,,,,0,1,0,,,,,,Practice Trials,BLUEred.jpg,blue,0,1
18,1708881124725,25/02/2024 17:12:04,1708881124652,1,25/02/2024 18:12:04,143587,31,task-cjtc,,35489813,qdvg4,9856429,,complete,,,computer,Desktop or Laptop,Mac OS 10.15.7,Chrome 120.0.0.0,1440x900,1440x813,,,,Stroop Task,5,DGS,spreadsheet_stroop_100,spreadsheet_stroop_100,9,8,2,Screen 2,buttonb,response_keyboard,600.7000002861023,,,blue,1,1,0,0,,,,,,Practice Trials,BLUEred.jpg,blue,0,1
19,1708881125523,25/02/2024 17:12:05,1708881125438,1,25/02/2024 18:12:05,143587,31,task-cjtc,,35489813,qdvg4,9856429,,complete,,,computer,Desktop or Laptop,Mac OS 10.15.7,Chrome 120.0.0.0,1440x900,1440x813,,,,Stroop Task,5,DGS,spreadsheet_stroop_100,spreadsheet_stroop_100,10,9,1,Screen 1,fixation,fixation,499.8999999999942,,,,,0,1,0,,,,,,Practice Trials,GREENblue.jpg,green,0,1
20,1708881126352,25/02/2024 17:12:06,1708881126278,1,25/02/2024 18:12:06,143587,31,task-cjtc,,35489813,qdvg4,9856429,,complete,,,computer,Desktop or Laptop,Mac OS 10.15.7,Chrome 120.0.0.0,1440x900,1440x813,,,,Stroop Task,5,DGS,spreadsheet_stroop_100,spreadsheet_stroop_100,10,9,2,Screen 2,buttonb,response_keyboard,828.4000000953674,,,green,1,1,0,0,,,,,,Practice Trials,GREENblue.jpg,green,0,1
21,1708881127146,25/02/2024 17:12:07,1708881127074,1,25/02/2024 18:12:07,143587,31,task-cjtc,,35489813,qdvg4,9856429,,complete,,,computer,Desktop or Laptop,Mac OS 10.15.7,Chrome 120.0.0.0,1440x900,1440x813,,,,Stroop Task,5,DGS,spreadsheet_stroop_100,spreadsheet_stroop_100,11,10,1,Screen 1,fixation,fixation,500,,,,,0,1,0,,,,,,Practice Trials,GREENred.jpg,green,0,1
22,1708881127763,25/02/2024 17:12:07,1708881127679,1,25/02/2024 18:12:07,143587,31,task-cjtc,,35489813,qdvg4,9856429,,complete,,,computer,Desktop or Laptop,Mac OS 10.15.7,Chrome 120.0.0.0,1440x900,1440x813,,,,Stroop Task,5,DGS,spreadsheet_stroop_100,spreadsheet_stroop_100,11,10,2,Screen 2,buttonb,response_keyboard,597.8000001907349,,,green,1,1,0,0,,,,,,Practice Trials,GREENred.jpg,green,0,1
23,1708881128546,25/02/2024 17:12:08,1708881128473,1,25/02/2024 18:12:08,143587,31,task-cjtc,,35489813,qdvg4,9856429,,complete,,,computer,Desktop or Laptop,Mac OS 10.15.7,Chrome 120.0.0.0,1440x900,1440x813,,,,Stroop Task,5,DGS,spreadsheet_stroop_100,spreadsheet_stroop_100,12,11,1,Screen 1,fixation,fixation,500,,,,,0,1,0,,,,,,Practice Trials,GREENgreen.jpg,green,1,1
24,1708881129071,25/02/2024 17:12:09,1708881128997,1,25/02/2024 18:12:08,143587,31,task-cjtc,,35489813,qdvg4,9856429,,complete,,,computer,Desktop or Laptop,Mac OS 10.15.7,Chrome 120.0.0.0,1440x900,1440x813,,,,Stroop Task,5,DGS,spreadsheet_stroop_100,spreadsheet_stroop_100,12,11,2,Screen 2,buttonb,response_keyboard,513.7000002861023,,,green,1,1,0,0,,,,,,Practice Trials,GREENgreen.jpg,green,1,1
25,1708881129867,25/02/2024 17:12:09,1708881129790,1,25/02/2024 18:12:09,143587,31,task-cjtc,,35489813,qdvg4,9856429,,complete,,,computer,Desktop or Laptop,Mac OS 10.15.7,Chrome 120.0.0.0,1440x900,1440x813,,,,Stroop Task,5,DGS,spreadsheet_stroop_100,spreadsheet_stroop_100,13,12,1,Screen 1,fixation,fixation,499.8999999999942,,,,,0,1,0,,,,,,Practice Trials,YELLOWblue.jpg,yellow,0,1
26,1708881131530,25/02/2024 17:12:11,1708881131444,1,25/02/2024 18:12:11,143587,31,task-cjtc,,35489813,qdvg4,9856429,,complete,,,computer,Desktop or Laptop,Mac OS 10.15.7,Chrome 120.0.0.0,1440x900,1440x813,,,,Stroop Task,5,DGS,spreadsheet_stroop_100,spreadsheet_stroop_100,13,12,2,Screen 2,buttona,response_keyboard,1643.0999999046326,,,yellow,1,1,0,0,,,,,,Practice Trials,YELLOWblue.jpg,yellow,0,1
27,1708881132319,25/02/2024 17:12:12,1708881132239,1,25/02/2024 18:12:12,143587,31,task-cjtc,,35489813,qdvg4,9856429,,complete,,,computer,Desktop or Laptop,Mac OS 10.15.7,Chrome 120.0.0.0,1440x900,1440x813,,,,Stroop Task,5,DGS,spreadsheet_stroop_100,spreadsheet_stroop_100,14,13,1,Screen 1,fixation,fixation,500,,,,,0,1,0,,,,,,Practice Trials,YELLOWyellow.jpg,yellow,1,1
28,1708881132838,25/02/2024 17:12:12,1708881132754,1,25/02/2024 18:12:12,143587,31,task-cjtc,,35489813,qdvg4,9856429,,complete,,,computer,Desktop or Laptop,Mac OS 10.15.7,Chrome 120.0.0.0,1440x900,1440x813,,,,Stroop Task,5,DGS,spreadsheet_stroop_100,spreadsheet_stroop_100,14,13,2,Screen 2,buttona,response_keyboard,505.2999997138977,,,yellow,1,1,0,0,,,,,,Practice Trials,YELLOWyellow.jpg,yellow,1,1
29,1708881133624,25/02/2024 17:12:13,1708881133539,1,25/02/2024 18:12:13,143587,31,task-cjtc,,35489813,qdvg4,9856429,,complete,,,computer,Desktop or Laptop,Mac OS 10.15.7,Chrome 120.0.0.0,1440x900,1440x813,,,,Stroop Task,5,DGS,spreadsheet_stroop_100,spreadsheet_stroop_100,15,14,1,Screen 1,fixation,fixation,499.8999999999942,,,,,0,1,0,,,,,,Practice Trials,REDgreen.jpg,red,0,1
30,1708881134070,25/02/2024 17:12:14,1708881133983,1,25/02/2024 18:12:13,143587,31,task-cjtc,,35489813,qdvg4,9856429,,complete,,,computer,Desktop or Laptop,Mac OS 10.15.7,Chrome 120.0.0.0,1440x900,1440x813,,,,Stroop Task,5,DGS,spreadsheet_stroop_100,spreadsheet_stroop_100,15,14,2,Screen 2,buttona,response_keyboard,434.09999990463257,,,red,1,1,0,0,,,,,,Practice Trials,REDgreen.jpg,red,0,1
31,1708881134848,25/02/2024 17:12:14,1708881134773,1,25/02/2024 18:12:14,143587,31,task-cjtc,,35489813,qdvg4,9856429,,complete,,,computer,Desktop or Laptop,Mac OS 10.15.7,Chrome 120.0.0.0,1440x900,1440x813,,,,Stroop Task,5,DGS,spreadsheet_stroop_100,spreadsheet_stroop_100,16,15,1,Screen 1,fixation,fixation,499.8999999999942,,,,,0,1,0,,,,,,Practice Trials,BLUEyellow.jpg,blue,0,1
32,1708881135665,25/02/2024 17:12:15,1708881135592,1,25/02/2024 18:12:15,143587,31,task-cjtc,,35489813,qdvg4,9856429,,complete,,,computer,Desktop or Laptop,Mac OS 10.15.7,Chrome 120.0.0.0,1440x900,1440x813,,,,Stroop Task,5,DGS,spreadsheet_stroop_100,spreadsheet_stroop_100,16,15,2,Screen 2,buttonb,response_keyboard,810,,,blue,1,1,0,0,,,,,,Practice Trials,BLUEyellow.jpg,blue,0,1
33,1708881151867,25/02/2024 17:12:31,1708881151778,1,25/02/2024 18:12:31,143587,31,task-cjtc,,35489813,qdvg4,9856429,,complete,,,computer,Desktop or Laptop,Mac OS 10.15.7,Chrome 120.0.0.0,1440x900,1440x813,,,,Stroop Task,5,DGS,spreadsheet_stroop_100,spreadsheet_stroop_100,17,1,1,Screen 1,button,continue_button,15895.599999904633,,,,,0,1,0,,,,,,Score,,,,
34,1708881175573,25/02/2024 17:12:55,1708881175493,1,25/02/2024 18:12:55,143587,31,task-cjtc,,35489813,qdvg4,9856429,,complete,,,computer,Desktop or Laptop,Mac OS 10.15.7,Chrome 120.0.0.0,1440x900,1440x813,,,,Stroop Task,5,DGS,spreadsheet_stroop_100,spreadsheet_stroop_100,18,1,1,Screen 1,advancementZone,continue_button,23710.099999904633,,,,,0,1,0,,,,,,Ready.0,,,,
35,1708881176072,25/02/2024 17:12:56,1708881175989,1,25/02/2024 18:12:55,143587,31,task-cjtc,,35489813,qdvg4,9856429,,complete,,,computer,Desktop or Laptop,Mac OS 10.15.7,Chrome 120.0.0.0,1440x900,1440x813,,,,Stroop Task,5,DGS,spreadsheet_stroop_100,spreadsheet_stroop_100,20,1,1,Screen 1,fixation,fixation,499.8999999999942,,,,,0,1,0,,,,,1,Trials,YELLOWblue.jpg,yellow,0,0
36,1708881177543,25/02/2024 17:12:57,1708881177462,1,25/02/2024 18:12:57,143587,31,task-cjtc,,35489813,qdvg4,9856429,,complete,,,computer,Desktop or Laptop,Mac OS 10.15.7,Chrome 120.0.0.0,1440x900,1440x813,,,,Stroop Task,5,DGS,spreadsheet_stroop_100,spreadsheet_stroop_100,20,1,2,Screen 2,buttona,response_keyboard,1465,,,yellow,1,1,0,0,,,,,1,Trials,YELLOWblue.jpg,yellow,0,0
37,1708881178038,25/02/2024 17:12:58,1708881177957,1,25/02/2024 18:12:57,143587,31,task-cjtc,,35489813,qdvg4,9856429,,complete,,,computer,Desktop or Laptop,Mac OS 10.15.7,Chrome 120.0.0.0,1440x900,1440x813,,,,Stroop Task,5,DGS,spreadsheet_stroop_100,spreadsheet_stroop_100,92,2,1,Screen 1,fixation,fixation,500,,,,,0,1,0,,,,,1,Trials,REDyellow.jpg,red,0,0
38,1708881178802,25/02/2024 17:12:58,1708881178719,1,25/02/2024 18:12:58,143587,31,task-cjtc,,35489813,qdvg4,9856429,,complete,,,computer,Desktop or Laptop,Mac OS 10.15.7,Chrome 120.0.0.0,1440x900,1440x813,,,,Stroop Task,5,DGS,spreadsheet_stroop_100,spreadsheet_stroop_100,92,2,2,Screen 2,buttona,response_keyboard,754.2999997138977,,,red,1,1,0,0,,,,,1,Trials,REDyellow.jpg,red,0,0
39,1708881179278,25/02/2024 17:12:59,1708881179203,1,25/02/2024 18:12:59,143587,31,task-cjtc,,35489813,qdvg4,9856429,,complete,,,computer,Desktop or Laptop,Mac OS 10.15.7,Chrome 120.0.0.0,1440x900,1440x813,,,,Stroop Task,5,DGS,spreadsheet_stroop_100,spreadsheet_stroop_100,48,3,1,Screen 1,fixation,fixation,499.8999999999942,,,,,0,1,0,,,,,1,Trials,BLUEblue.jpg,blue,1,0
40,1708881179840,25/02/2024 17:12:59,1708881179760,1,25/02/2024 18:12:59,143587,31,task-cjtc,,35489813,qdvg4,9856429,,complete,,,computer,Desktop or Laptop,Mac OS 10.15.7,Chrome 120.0.0.0,1440x900,1440x813,,,,Stroop Task,5,DGS,spreadsheet_stroop_100,spreadsheet_stroop_100,48,3,2,Screen 2,buttonb,response_keyboard,549.5,,,blue,1,1,0,0,,,,,1,Trials,BLUEblue.jpg,blue,1,0
41,1708881180330,25/02/2024 17:13:00,1708881180256,1,25/02/2024 18:13:00,143587,31,task-cjtc,,35489813,qdvg4,9856429,,complete,,,computer,Desktop or Laptop,Mac OS 10.15.7,Chrome 120.0.0.0,1440x900,1440x813,,,,Stroop Task,5,DGS,spreadsheet_stroop_100,spreadsheet_stroop_100,94,4,1,Screen 1,fixation,fixation,500,,,,,0,1,0,,,,,1,Trials,YELLOWyellow.jpg,yellow,1,0
42,1708881181312,25/02/2024 17:13:01,1708881181209,1,25/02/2024 18:13:01,143587,31,task-cjtc,,35489813,qdvg4,9856429,,complete,,,computer,Desktop or Laptop,Mac OS 10.15.7,Chrome 120.0.0.0,1440x900,1440x813,,,,Stroop Task,5,DGS,spreadsheet_stroop_100,spreadsheet_stroop_100,94,4,2,Screen 2,buttona,response_keyboard,946.3000001907349,,,yellow,1,1,0,0,,,,,1,Trials,YELLOWyellow.jpg,yellow,1,0
43,1708881181785,25/02/2024 17:13:01,1708881181706,1,25/02/2024 18:13:01,143587,31,task-cjtc,,35489813,qdvg4,9856429,,complete,,,computer,Desktop or Laptop,Mac OS 10.15.7,Chrome 120.0.0.0,1440x900,1440x813,,,,Stroop Task,5,DGS,spreadsheet_stroop_100,spreadsheet_stroop_100,38,5,1,Screen 1,fixation,fixation,500,,,,,0,1,0,,,,,1,Trials,GREENyellow.jpg,green,0,0
44,1708881182488,25/02/2024 17:13:02,1708881182417,1,25/02/2024 18:13:02,143587,31,task-cjtc,,35489813,qdvg4,9856429,,complete,,,computer,Desktop or Laptop,Mac OS 10.15.7,Chrome 120.0.0.0,1440x900,1440x813,,,,Stroop Task,5,DGS,spreadsheet_stroop_100,spreadsheet_stroop_100,38,5,2,Screen 2,buttonb,response_keyboard,703.0999999046326,,,green,1,1,0,0,,,,,1,Trials,GREENyellow.jpg,green,0,0
45,1708881182976,25/02/2024 17:13:02,1708881182905,1,25/02/2024 18:13:02,143587,31,task-cjtc,,35489813,qdvg4,9856429,,complete,,,computer,Desktop or Laptop,Mac OS 10.15.7,Chrome 120.0.0.0,1440x900,1440x813,,,,Stroop Task,5,DGS,spreadsheet_stroop_100,spreadsheet_stroop_100,51,6,1,Screen 1,fixation,fixation,500,,,,,0,1,0,,,,,1,Trials,BLUEgreen.jpg,blue,0,0
46,1708881183536,25/02/2024 17:13:03,1708881183454,1,25/02/2024 18:13:03,143587,31,task-cjtc,,35489813,qdvg4,9856429,,complete,,,computer,Desktop or Laptop,Mac OS 10.15.7,Chrome 120.0.0.0,1440x900,1440x813,,,,Stroop Task,5,DGS,spreadsheet_stroop_100,spreadsheet_stroop_100,51,6,2,Screen 2,buttonb,response_keyboard,542.1999998092651,,,blue,1,1,0,0,,,,,1,Trials,BLUEgreen.jpg,blue,0,0
47,1708881184016,25/02/2024 17:13:04,1708881183939,1,25/02/2024 18:13:03,143587,31,task-cjtc,,35489813,qdvg4,9856429,,complete,,,computer,Desktop or Laptop,Mac OS 10.15.7,Chrome 120.0.0.0,1440x900,1440x813,,,,Stroop Task,5,DGS,spreadsheet_stroop_100,spreadsheet_stroop_100,41,7,1,Screen 1,fixation,fixation,499.8999999999942,,,,,0,1,0,,,,,1,Trials,GREENgreen.jpg,green,1,0
48,1708881184591,25/02/2024 17:13:04,1708881184520,1,25/02/2024 18:13:04,143587,31,task-cjtc,,35489813,qdvg4,9856429,,complete,,,computer,Desktop or Laptop,Mac OS 10.15.7,Chrome 120.0.0.0,1440x900,1440x813,,,,Stroop Task,5,DGS,spreadsheet_stroop_100,spreadsheet_stroop_100,41,7,2,Screen 2,buttonb,response_keyboard,573.3999996185303,,,green,1,1,0,0,,,,,1,Trials,GREENgreen.jpg,green,1,0
49,1708881185092,25/02/2024 17:13:05,1708881185007,1,25/02/2024 18:13:05,143587,31,task-cjtc,,35489813,qdvg4,9856429,,complete,,,computer,Desktop or Laptop,Mac OS 10.15.7,Chrome 120.0.0.0,1440x900,1440x813,,,,Stroop Task,5,DGS,spreadsheet_stroop_100,spreadsheet_stroop_100,54,8,1,Screen 1,fixation,fixation,499.8999999999942,,,,,0,1,0,,,,,1,Trials,REDyellow.jpg,red,0,0
50,1708881185644,25/02/2024 17:13:05,1708881185560,1,25/02/2024 18:13:05,143587,31,task-cjtc,,35489813,qdvg4,9856429,,complete,,,computer,Desktop or Laptop,Mac OS 10.15.7,Chrome 120.0.0.0,1440x900,1440x813,,,,Stroop Task,5,DGS,spreadsheet_stroop_100,spreadsheet_stroop_100,54,8,2,Screen 2,buttona,response_keyboard,545.4000000953674,,,red,1,1,0,0,,,,,1,Trials,REDyellow.jpg,red,0,0
51,1708881186130,25/02/2024 17:13:06,1708881186057,1,25/02/2024 18:13:06,143587,31,task-cjtc,,35489813,qdvg4,9856429,,complete,,,computer,Desktop or Laptop,Mac OS 10.15.7,Chrome 120.0.0.0,1440x900,1440x813,,,,Stroop Task,5,DGS,spreadsheet_stroop_100,spreadsheet_stroop_100,88,9,1,Screen 1,fixation,fixation,499.8999999999942,,,,,0,1,0,,,,,1,Trials,REDgreen.jpg,red,0,0
52,1708881186675,25/02/2024 17:13:06,1708881186595,1,25/02/2024 18:13:06,143587,31,task-cjtc,,35489813,qdvg4,9856429,,complete,,,computer,Desktop or Laptop,Mac OS 10.15.7,Chrome 120.0.0.0,1440x900,1440x813,,,,Stroop Task,5,DGS,spreadsheet_stroop_100,spreadsheet_stroop_100,88,9,2,Screen 2,buttona,response_keyboard,530.9000000953674,,,red,1,1,0,0,,,,,1,Trials,REDgreen.jpg,red,0,0
53,1708881187160,25/02/2024 17:13:07,1708881187086,1,25/02/2024 18:13:07,143587,31,task-cjtc,,35489813,qdvg4,9856429,,complete,,,computer,Desktop or Laptop,Mac OS 10.15.7,Chrome 120.0.0.0,1440x900,1440x813,,,,Stroop Task,5,DGS,spreadsheet_stroop_100,spreadsheet_stroop_100,96,10,1,Screen 1,fixation,fixation,499.9000000000233,,,,,0,1,0,,,,,1,Trials,REDred.jpg,red,1,0
54,1708881187639,25/02/2024 17:13:07,1708881187553,1,25/02/2024 18:13:07,143587,31,task-cjtc,,35489813,qdvg4,9856429,,complete,,,computer,Desktop or Laptop,Mac OS 10.15.7,Chrome 120.0.0.0,1440x900,1440x813,,,,Stroop Task,5,DGS,spreadsheet_stroop_100,spreadsheet_stroop_100,96,10,2,Screen 2,buttona,response_keyboard,460.69999980926514,,,red,1,1,0,0,,,,,1,Trials,REDred.jpg,red,1,0
55,1708881188115,25/02/2024 17:13:08,1708881188039,1,25/02/2024 18:13:08,143587,31,task-cjtc,,35489813,qdvg4,9856429,,complete,,,computer,Desktop or Laptop,Mac OS 10.15.7,Chrome 120.0.0.0,1440x900,1440x813,,,,Stroop Task,5,DGS,spreadsheet_stroop_100,spreadsheet_stroop_100,91,11,1,Screen 1,fixation,fixation,500,,,,,0,1,0,,,,,1,Trials,YELLOWyellow.jpg,yellow,1,0
56,1708881188521,25/02/2024 17:13:08,1708881188441,1,25/02/2024 18:13:08,143587,31,task-cjtc,,35489813,qdvg4,9856429,,complete,,,computer,Desktop or Laptop,Mac OS 10.15.7,Chrome 120.0.0.0,1440x900,1440x813,,,,Stroop Task,5,DGS,spreadsheet_stroop_100,spreadsheet_stroop_100,91,11,2,Screen 2,buttona,response_keyboard,394.59999990463257,,,yellow,1,1,0,0,,,,,1,Trials,YELLOWyellow.jpg,yellow,1,0
57,1708881189012,25/02/2024 17:13:09,1708881188937,1,25/02/2024 18:13:08,143587,31,task-cjtc,,35489813,qdvg4,9856429,,complete,,,computer,Desktop or Laptop,Mac OS 10.15.7,Chrome 120.0.0.0,1440x900,1440x813,,,,Stroop Task,5,DGS,spreadsheet_stroop_100,spreadsheet_stroop_100,65,12,1,Screen 1,fixation,fixation,500,,,,,0,1,0,,,,,1,Trials,REDred.jpg,red,1,0
58,1708881189553,25/02/2024 17:13:09,1708881189473,1,25/02/2024 18:13:09,143587,31,task-cjtc,,35489813,qdvg4,9856429,,complete,,,computer,Desktop or Laptop,Mac OS 10.15.7,Chrome 120.0.0.0,1440x900,1440x813,,,,Stroop Task,5,DGS,spreadsheet_stroop_100,spreadsheet_stroop_100,65,12,2,Screen 2,buttona,response_keyboard,527.5,,,red,1,1,0,0,,,,,1,Trials,REDred.jpg,red,1,0
59,1708881190037,25/02/2024 17:13:10,1708881189957,1,25/02/2024 18:13:09,143587,31,task-cjtc,,35489813,qdvg4,9856429,,complete,,,computer,Desktop or Laptop,Mac OS 10.15.7,Chrome 120.0.0.0,1440x900,1440x813,,,,Stroop Task,5,DGS,spreadsheet_stroop_100,spreadsheet_stroop_100,28,13,1,Screen 1,fixation,fixation,500,,,,,0,1,0,,,,,1,Trials,YELLOWblue.jpg,yellow,0,0
60,1708881190634,25/02/2024 17:13:10,1708881190558,1,25/02/2024 18:13:10,143587,31,task-cjtc,,35489813,qdvg4,9856429,,complete,,,computer,Desktop or Laptop,Mac OS 10.15.7,Chrome 120.0.0.0,1440x900,1440x813,,,,Stroop Task,5,DGS,spreadsheet_stroop_100,spreadsheet_stroop_100,28,13,2,Screen 2,buttona,response_keyboard,593.7999997138977,,,red,1,0,1,0,,,,,1,Trials,YELLOWblue.jpg,yellow,0,0
61,1708881191128,25/02/2024 17:13:11,1708881191057,1,25/02/2024 18:13:11,143587,31,task-cjtc,,35489813,qdvg4,9856429,,complete,,,computer,Desktop or Laptop,Mac OS 10.15.7,Chrome 120.0.0.0,1440x900,1440x813,,,,Stroop Task,5,DGS,spreadsheet_stroop_100,spreadsheet_stroop_100,22,14,1,Screen 1,fixation,fixation,500.6000000000058,,,,,0,1,0,,,,,1,Trials,YELLOWyellow.jpg,yellow,1,0
62,1708881191952,25/02/2024 17:13:11,1708881191736,1,25/02/2024 18:13:11,143587,31,task-cjtc,,35489813,qdvg4,9856429,,complete,,,computer,Desktop or Laptop,Mac OS 10.15.7,Chrome 120.0.0.0,1440x900,1440x813,,,,Stroop Task,5,DGS,spreadsheet_stroop_100,spreadsheet_stroop_100,22,14,2,Screen 2,buttona,response_keyboard,672.3000001907349,,,yellow,1,1,0,0,,,,,1,Trials,YELLOWyellow.jpg,yellow,1,0
63,1708881192293,25/02/2024 17:13:12,1708881192223,1,25/02/2024 18:13:12,143587,31,task-cjtc,,35489813,qdvg4,9856429,,complete,,,computer,Desktop or Laptop,Mac OS 10.15.7,Chrome 120.0.0.0,1440x900,1440x813,,,,Stroop Task,5,DGS,spreadsheet_stroop_100,spreadsheet_stroop_100,29,15,1,Screen 1,fixation,fixation,500,,,,,0,1,0,,,,,1,Trials,YELLOWred.jpg,yellow,0,0
64,1708881192760,25/02/2024 17:13:12,1708881192681,1,25/02/2024 18:13:12,143587,31,task-cjtc,,35489813,qdvg4,9856429,,complete,,,computer,Desktop or Laptop,Mac OS 10.15.7,Chrome 120.0.0.0,1440x900,1440x813,,,,Stroop Task,5,DGS,spreadsheet_stroop_100,spreadsheet_stroop_100,29,15,2,Screen 2,buttona,response_keyboard,451.09999990463257,,,yellow,1,1,0,0,,,,,1,Trials,YELLOWred.jpg,yellow,0,0
65,1708881193246,25/02/2024 17:13:13,1708881193171,1,25/02/2024 18:13:13,143587,31,task-cjtc,,35489813,qdvg4,9856429,,complete,,,computer,Desktop or Laptop,Mac OS 10.15.7,Chrome 120.0.0.0,1440x900,1440x813,,,,Stroop Task,5,DGS,spreadsheet_stroop_100,spreadsheet_stroop_100,36,16,1,Screen 1,fixation,fixation,500.1000000000058,,,,,0,1,0,,,,,1,Trials,GREENred.jpg,green,0,0
66,1708881194390,25/02/2024 17:13:14,1708881194310,1,25/02/2024 18:13:14,143587,31,task-cjtc,,35489813,qdvg4,9856429,,complete,,,computer,Desktop or Laptop,Mac OS 10.15.7,Chrome 120.0.0.0,1440x900,1440x813,,,,Stroop Task,5,DGS,spreadsheet_stroop_100,spreadsheet_stroop_100,36,16,2,Screen 2,buttonb,response_keyboard,1132.5999999046326,,,green,1,1,0,0,,,,,1,Trials,GREENred.jpg,green,0,0
67,1708881194880,25/02/2024 17:13:14,1708881194806,1,25/02/2024 18:13:14,143587,31,task-cjtc,,35489813,qdvg4,9856429,,complete,,,computer,Desktop or Laptop,Mac OS 10.15.7,Chrome 120.0.0.0,1440x900,1440x813,,,,Stroop Task,5,DGS,spreadsheet_stroop_100,spreadsheet_stroop_100,102,17,1,Screen 1,fixation,fixation,500,,,,,0,1,0,,,,,1,Trials,GREENgreen.jpg,green,1,0
68,1708881195392,25/02/2024 17:13:15,1708881195311,1,25/02/2024 18:13:15,143587,31,task-cjtc,,35489813,qdvg4,9856429,,complete,,,computer,Desktop or Laptop,Mac OS 10.15.7,Chrome 120.0.0.0,1440x900,1440x813,,,,Stroop Task,5,DGS,spreadsheet_stroop_100,spreadsheet_stroop_100,102,17,2,Screen 2,buttonb,response_keyboard,498.69999980926514,,,green,1,1,0,0,,,,,1,Trials,GREENgreen.jpg,green,1,0
69,1708881195901,25/02/2024 17:13:15,1708881195807,1,25/02/2024 18:13:15,143587,31,task-cjtc,,35489813,qdvg4,9856429,,complete,,,computer,Desktop or Laptop,Mac OS 10.15.7,Chrome 120.0.0.0,1440x900,1440x813,,,,Stroop Task,5,DGS,spreadsheet_stroop_100,spreadsheet_stroop_100,95,18,1,Screen 1,fixation,fixation,500,,,,,0,1,0,,,,,1,Trials,YELLOWyellow.jpg,yellow,1,0
70,1708881196866,25/02/2024 17:13:16,1708881196789,1,25/02/2024 18:13:16,143587,31,task-cjtc,,35489813,qdvg4,9856429,,complete,,,computer,Desktop or Laptop,Mac OS 10.15.7,Chrome 120.0.0.0,1440x900,1440x813,,,,Stroop Task,5,DGS,spreadsheet_stroop_100,spreadsheet_stroop_100,95,18,2,Screen 2,buttona,response_keyboard,975.6000003814697,,,yellow,1,1,0,0,,,,,1,Trials,YELLOWyellow.jpg,yellow,1,0
71,1708881197356,25/02/2024 17:13:17,1708881197272,1,25/02/2024 18:13:17,143587,31,task-cjtc,,35489813,qdvg4,9856429,,complete,,,computer,Desktop or Laptop,Mac OS 10.15.7,Chrome 120.0.0.0,1440x900,1440x813,,,,Stroop Task,5,DGS,spreadsheet_stroop_100,spreadsheet_stroop_100,25,19,1,Screen 1,fixation,fixation,500,,,,,0,1,0,,,,,1,Trials,YELLOWred.jpg,yellow,0,0
72,1708881198024,25/02/2024 17:13:18,1708881197955,1,25/02/2024 18:13:17,143587,31,task-cjtc,,35489813,qdvg4,9856429,,complete,,,computer,Desktop or Laptop,Mac OS 10.15.7,Chrome 120.0.0.0,1440x900,1440x813,,,,Stroop Task,5,DGS,spreadsheet_stroop_100,spreadsheet_stroop_100,25,19,2,Screen 2,buttona,response_keyboard,675.0999999046326,,,yellow,1,1,0,0,,,,,1,Trials,YELLOWred.jpg,yellow,0,0
73,1708881198520,25/02/2024 17:13:18,1708881198439,1,25/02/2024 18:13:18,143587,31,task-cjtc,,35489813,qdvg4,9856429,,complete,,,computer,Desktop or Laptop,Mac OS 10.15.7,Chrome 120.0.0.0,1440x900,1440x813,,,,Stroop Task,5,DGS,spreadsheet_stroop_100,spreadsheet_stroop_100,79,20,1,Screen 1,fixation,fixation,500,,,,,0,1,0,,,,,1,Trials,REDyellow.jpg,red,0,0
74,1708881199066,25/02/2024 17:13:19,1708881198994,1,25/02/2024 18:13:18,143587,31,task-cjtc,,35489813,qdvg4,9856429,,complete,,,computer,Desktop or Laptop,Mac OS 10.15.7,Chrome 120.0.0.0,1440x900,1440x813,,,,Stroop Task,5,DGS,spreadsheet_stroop_100,spreadsheet_stroop_100,79,20,2,Screen 2,buttona,response_keyboard,548,,,red,1,1,0,0,,,,,1,Trials,REDyellow.jpg,red,0,0
75,1708881199571,25/02/2024 17:13:19,1708881199489,1,25/02/2024 18:13:19,143587,31,task-cjtc,,35489813,qdvg4,9856429,,complete,,,computer,Desktop or Laptop,Mac OS 10.15.7,Chrome 120.0.0.0,1440x900,1440x813,,,,Stroop Task,5,DGS,spreadsheet_stroop_100,spreadsheet_stroop_100,66,21,1,Screen 1,fixation,fixation,500,,,,,0,1,0,,,,,1,Trials,YELLOWred.jpg,yellow,0,0
76,1708881200460,25/02/2024 17:13:20,1708881200362,1,25/02/2024 18:13:20,143587,31,task-cjtc,,35489813,qdvg4,9856429,,complete,,,computer,Desktop or Laptop,Mac OS 10.15.7,Chrome 120.0.0.0,1440x900,1440x813,,,,Stroop Task,5,DGS,spreadsheet_stroop_100,spreadsheet_stroop_100,66,21,2,Screen 2,buttona,response_keyboard,865.7999997138977,,,yellow,1,1,0,0,,,,,1,Trials,YELLOWred.jpg,yellow,0,0
77,1708881200940,25/02/2024 17:13:20,1708881200855,1,25/02/2024 18:13:20,143587,31,task-cjtc,,35489813,qdvg4,9856429,,complete,,,computer,Desktop or Laptop,Mac OS 10.15.7,Chrome 120.0.0.0,1440x900,1440x813,,,,Stroop Task,5,DGS,spreadsheet_stroop_100,spreadsheet_stroop_100,67,22,1,Screen 1,fixation,fixation,500,,,,,0,1,0,,,,,1,Trials,GREENgreen.jpg,green,1,0
78,1708881201635,25/02/2024 17:13:21,1708881201550,1,25/02/2024 18:13:21,143587,31,task-cjtc,,35489813,qdvg4,9856429,,complete,,,computer,Desktop or Laptop,Mac OS 10.15.7,Chrome 120.0.0.0,1440x900,1440x813,,,,Stroop Task,5,DGS,spreadsheet_stroop_100,spreadsheet_stroop_100,67,22,2,Screen 2,buttonb,response_keyboard,687.1999998092651,,,green,1,1,0,0,,,,,1,Trials,GREENgreen.jpg,green,1,0
79,1708881202127,25/02/2024 17:13:22,1708881202039,1,25/02/2024 18:13:22,143587,31,task-cjtc,,35489813,qdvg4,9856429,,complete,,,computer,Desktop or Laptop,Mac OS 10.15.7,Chrome 120.0.0.0,1440x900,1440x813,,,,Stroop Task,5,DGS,spreadsheet_stroop_100,spreadsheet_stroop_100,45,23,1,Screen 1,fixation,fixation,499.8999999999942,,,,,0,1,0,,,,,1,Trials,BLUEyellow.jpg,blue,0,0
80,1708881202538,25/02/2024 17:13:22,1708881202458,1,25/02/2024 18:13:22,143587,31,task-cjtc,,35489813,qdvg4,9856429,,complete,,,computer,Desktop or Laptop,Mac OS 10.15.7,Chrome 120.0.0.0,1440x900,1440x813,,,,Stroop Task,5,DGS,spreadsheet_stroop_100,spreadsheet_stroop_100,45,23,2,Screen 2,buttonb,response_keyboard,411.30000019073486,,,blue,1,1,0,0,,,,,1,Trials,BLUEyellow.jpg,blue,0,0
81,1708881203050,25/02/2024 17:13:23,1708881202956,1,25/02/2024 18:13:22,143587,31,task-cjtc,,35489813,qdvg4,9856429,,complete,,,computer,Desktop or Laptop,Mac OS 10.15.7,Chrome 120.0.0.0,1440x900,1440x813,,,,Stroop Task,5,DGS,spreadsheet_stroop_100,spreadsheet_stroop_100,60,24,1,Screen 1,fixation,fixation,500,,,,,0,1,0,,,,,1,Trials,REDblue.jpg,red,0,0
82,1708881203645,25/02/2024 17:13:23,1708881203558,1,25/02/2024 18:13:23,143587,31,task-cjtc,,35489813,qdvg4,9856429,,complete,,,computer,Desktop or Laptop,Mac OS 10.15.7,Chrome 120.0.0.0,1440x900,1440x813,,,,Stroop Task,5,DGS,spreadsheet_stroop_100,spreadsheet_stroop_100,60,24,2,Screen 2,buttona,response_keyboard,595.5999999046326,,,red,1,1,0,0,,,,,1,Trials,REDblue.jpg,red,0,0
83,1708881204130,25/02/2024 17:13:24,1708881204056,1,25/02/2024 18:13:24,143587,31,task-cjtc,,35489813,qdvg4,9856429,,complete,,,computer,Desktop or Laptop,Mac OS 10.15.7,Chrome 120.0.0.0,1440x900,1440x813,,,,Stroop Task,5,DGS,spreadsheet_stroop_100,spreadsheet_stroop_100,27,25,1,Screen 1,fixation,fixation,500,,,,,0,1,0,,,,,1,Trials,YELLOWgreen.jpg,yellow,0,0
84,1708881205646,25/02/2024 17:13:25,1708881205566,1,25/02/2024 18:13:25,143587,31,task-cjtc,,35489813,qdvg4,9856429,,complete,,,computer,Desktop or Laptop,Mac OS 10.15.7,Chrome 120.0.0.0,1440x900,1440x813,,,,Stroop Task,5,DGS,spreadsheet_stroop_100,spreadsheet_stroop_100,27,25,2,Screen 2,buttona,response_keyboard,1502.1999998092651,,,yellow,1,1,0,0,,,,,1,Trials,YELLOWgreen.jpg,yellow,0,0
85,1708881206129,25/02/2024 17:13:26,1708881206056,1,25/02/2024 18:13:26,143587,31,task-cjtc,,35489813,qdvg4,9856429,,complete,,,computer,Desktop or Laptop,Mac OS 10.15.7,Chrome 120.0.0.0,1440x900,1440x813,,,,Stroop Task,5,DGS,spreadsheet_stroop_100,spreadsheet_stroop_100,97,26,1,Screen 1,fixation,fixation,500,,,,,0,1,0,,,,,1,Trials,REDred.jpg,red,1,0
86,1708881206842,25/02/2024 17:13:26,1708881206768,1,25/02/2024 18:13:26,143587,31,task-cjtc,,35489813,qdvg4,9856429,,complete,,,computer,Desktop or Laptop,Mac OS 10.15.7,Chrome 120.0.0.0,1440x900,1440x813,,,,Stroop Task,5,DGS,spreadsheet_stroop_100,spreadsheet_stroop_100,97,26,2,Screen 2,buttona,response_keyboard,704.2000002861023,,,red,1,1,0,0,,,,,1,Trials,REDred.jpg,red,1,0
87,1708881207336,25/02/2024 17:13:27,1708881207256,1,25/02/2024 18:13:27,143587,31,task-cjtc,,35489813,qdvg4,9856429,,complete,,,computer,Desktop or Laptop,Mac OS 10.15.7,Chrome 120.0.0.0,1440x900,1440x813,,,,Stroop Task,5,DGS,spreadsheet_stroop_100,spreadsheet_stroop_100,23,27,1,Screen 1,fixation,fixation,500,,,,,0,1,0,,,,,1,Trials,YELLOWgreen.jpg,yellow,0,0
88,1708881207842,25/02/2024 17:13:27,1708881207769,1,25/02/2024 18:13:27,143587,31,task-cjtc,,35489813,qdvg4,9856429,,complete,,,computer,Desktop or Laptop,Mac OS 10.15.7,Chrome 120.0.0.0,1440x900,1440x813,,,,Stroop Task,5,DGS,spreadsheet_stroop_100,spreadsheet_stroop_100,23,27,2,Screen 2,buttona,response_keyboard,505.80000019073486,,,yellow,1,1,0,0,,,,,1,Trials,YELLOWgreen.jpg,yellow,0,0
89,1708881208338,25/02/2024 17:13:28,1708881208256,1,25/02/2024 18:13:28,143587,31,task-cjtc,,35489813,qdvg4,9856429,,complete,,,computer,Desktop or Laptop,Mac OS 10.15.7,Chrome 120.0.0.0,1440x900,1440x813,,,,Stroop Task,5,DGS,spreadsheet_stroop_100,spreadsheet_stroop_100,77,28,1,Screen 1,fixation,fixation,500.1000000000058,,,,,0,1,0,,,,,1,Trials,YELLOWgreen.jpg,yellow,0,0
90,1708881208887,25/02/2024 17:13:28,1708881208809,1,25/02/2024 18:13:28,143587,31,task-cjtc,,35489813,qdvg4,9856429,,complete,,,computer,Desktop or Laptop,Mac OS 10.15.7,Chrome 120.0.0.0,1440x900,1440x813,,,,Stroop Task,5,DGS,spreadsheet_stroop_100,spreadsheet_stroop_100,77,28,2,Screen 2,buttona,response_keyboard,546.4000000953674,,,yellow,1,1,0,0,,,,,1,Trials,YELLOWgreen.jpg,yellow,0,0
91,1708881209381,25/02/2024 17:13:29,1708881209305,1,25/02/2024 18:13:29,143587,31,task-cjtc,,35489813,qdvg4,9856429,,complete,,,computer,Desktop or Laptop,Mac OS 10.15.7,Chrome 120.0.0.0,1440x900,1440x813,,,,Stroop Task,5,DGS,spreadsheet_stroop_100,spreadsheet_stroop_100,110,29,1,Screen 1,fixation,fixation,500,,,,,0,1,0,,,,,1,Trials,REDred.jpg,red,1,0
92,1708881210152,25/02/2024 17:13:30,1708881210073,1,25/02/2024 18:13:30,143587,31,task-cjtc,,35489813,qdvg4,9856429,,complete,,,computer,Desktop or Laptop,Mac OS 10.15.7,Chrome 120.0.0.0,1440x900,1440x813,,,,Stroop Task,5,DGS,spreadsheet_stroop_100,spreadsheet_stroop_100,110,29,2,Screen 2,buttona,response_keyboard,760.6999998092651,,,red,1,1,0,0,,,,,1,Trials,REDred.jpg,red,1,0
93,1708881210630,25/02/2024 17:13:30,1708881210556,1,25/02/2024 18:13:30,143587,31,task-cjtc,,35489813,qdvg4,9856429,,complete,,,computer,Desktop or Laptop,Mac OS 10.15.7,Chrome 120.0.0.0,1440x900,1440x813,,,,Stroop Task,5,DGS,spreadsheet_stroop_100,spreadsheet_stroop_100,105,30,1,Screen 1,fixation,fixation,499.8999999999942,,,,,0,1,0,,,,,1,Trials,BLUEblue.jpg,blue,1,0
94,1708881211872,25/02/2024 17:13:31,1708881211796,1,25/02/2024 18:13:31,143587,31,task-cjtc,,35489813,qdvg4,9856429,,complete,,,computer,Desktop or Laptop,Mac OS 10.15.7,Chrome 120.0.0.0,1440x900,1440x813,,,,Stroop Task,5,DGS,spreadsheet_stroop_100,spreadsheet_stroop_100,105,30,2,Screen 2,buttonb,response_keyboard,1233.0999999046326,,,blue,1,1,0,0,,,,,1,Trials,BLUEblue.jpg,blue,1,0
95,1708881212370,25/02/2024 17:13:32,1708881212289,1,25/02/2024 18:13:32,143587,31,task-cjtc,,35489813,qdvg4,9856429,,complete,,,computer,Desktop or Laptop,Mac OS 10.15.7,Chrome 120.0.0.0,1440x900,1440x813,,,,Stroop Task,5,DGS,spreadsheet_stroop_100,spreadsheet_stroop_100,32,31,1,Screen 1,fixation,fixation,500,,,,,0,1,0,,,,,1,Trials,GREENred.jpg,green,0,0
96,1708881212966,25/02/2024 17:13:32,1708881212876,1,25/02/2024 18:13:32,143587,31,task-cjtc,,35489813,qdvg4,9856429,,complete,,,computer,Desktop or Laptop,Mac OS 10.15.7,Chrome 120.0.0.0,1440x900,1440x813,,,,Stroop Task,5,DGS,spreadsheet_stroop_100,spreadsheet_stroop_100,32,31,2,Screen 2,buttonb,response_keyboard,579,,,green,1,1,0,0,,,,,1,Trials,GREENred.jpg,green,0,0
97,1708881213458,25/02/2024 17:13:33,1708881213373,1,25/02/2024 18:13:33,143587,31,task-cjtc,,35489813,qdvg4,9856429,,complete,,,computer,Desktop or Laptop,Mac OS 10.15.7,Chrome 120.0.0.0,1440x900,1440x813,,,,Stroop Task,5,DGS,spreadsheet_stroop_100,spreadsheet_stroop_100,59,32,1,Screen 1,fixation,fixation,500,,,,,0,1,0,,,,,1,Trials,REDyellow.jpg,red,0,0
98,1708881214293,25/02/2024 17:13:34,1708881214214,1,25/02/2024 18:13:34,143587,31,task-cjtc,,35489813,qdvg4,9856429,,complete,,,computer,Desktop or Laptop,Mac OS 10.15.7,Chrome 120.0.0.0,1440x900,1440x813,,,,Stroop Task,5,DGS,spreadsheet_stroop_100,spreadsheet_stroop_100,59,32,2,Screen 2,buttona,response_keyboard,833.2000002861023,,,red,1,1,0,0,,,,,1,Trials,REDyellow.jpg,red,0,0
99,1708881214785,25/02/2024 17:13:34,1708881214704,1,25/02/2024 18:13:34,143587,31,task-cjtc,,35489813,qdvg4,9856429,,complete,,,computer,Desktop or Laptop,Mac OS 10.15.7,Chrome 120.0.0.0,1440x900,1440x813,,,,Stroop Task,5,DGS,spreadsheet_stroop_100,spreadsheet_stroop_100,55,33,1,Screen 1,fixation,fixation,500,,,,,0,1,0,,,,,1,Trials,REDyellow.jpg,red,0,0
100,1708881215244,25/02/2024 17:13:35,1708881215167,1,25/02/2024 18:13:35,143587,31,task-cjtc,,35489813,qdvg4,9856429,,complete,,,computer,Desktop or Laptop,Mac OS 10.15.7,Chrome 120.0.0.0,1440x900,1440x813,,,,Stroop Task,5,DGS,spreadsheet_stroop_100,spreadsheet_stroop_100,55,33,2,Screen 2,buttona,response_keyboard,456.7000002861023,,,red,1,1,0,0,,,,,1,Trials,REDyellow.jpg,red,0,0
101,1708881215736,25/02/2024 17:13:35,1708881215656,1,25/02/2024 18:13:35,143587,31,task-cjtc,,35489813,qdvg4,9856429,,complete,,,computer,Desktop or Laptop,Mac OS 10.15.7,Chrome 120.0.0.0,1440x900,1440x813,,,,Stroop Task,5,DGS,spreadsheet_stroop_100,spreadsheet_stroop_100,83,34,1,Screen 1,fixation,fixation,500.1000000000058,,,,,0,1,0,,,,,1,Trials,BLUEblue.jpg,blue,1,0
102,1708881217115,25/02/2024 17:13:37,1708881217041,1,25/02/2024 18:13:37,143587,31,task-cjtc,,35489813,qdvg4,9856429,,complete,,,computer,Desktop or Laptop,Mac OS 10.15.7,Chrome 120.0.0.0,1440x900,1440x813,,,,Stroop Task,5,DGS,spreadsheet_stroop_100,spreadsheet_stroop_100,83,34,2,Screen 2,buttonb,response_keyboard,1378.3999996185303,,,blue,1,1,0,0,,,,,1,Trials,BLUEblue.jpg,blue,1,0
103,1708881217615,25/02/2024 17:13:37,1708881217537,1,25/02/2024 18:13:37,143587,31,task-cjtc,,35489813,qdvg4,9856429,,complete,,,computer,Desktop or Laptop,Mac OS 10.15.7,Chrome 120.0.0.0,1440x900,1440x813,,,,Stroop Task,5,DGS,spreadsheet_stroop_100,spreadsheet_stroop_100,69,35,1,Screen 1,fixation,fixation,500,,,,,0,1,0,,,,,1,Trials,BLUEblue.jpg,blue,1,0
104,1708881218051,25/02/2024 17:13:38,1708881217976,1,25/02/2024 18:13:37,143587,31,task-cjtc,,35489813,qdvg4,9856429,,complete,,,computer,Desktop or Laptop,Mac OS 10.15.7,Chrome 120.0.0.0,1440x900,1440x813,,,,Stroop Task,5,DGS,spreadsheet_stroop_100,spreadsheet_stroop_100,69,35,2,Screen 2,buttonb,response_keyboard,432.6000003814697,,,blue,1,1,0,0,,,,,1,Trials,BLUEblue.jpg,blue,1,0
105,1708881218556,25/02/2024 17:13:38,1708881218473,1,25/02/2024 18:13:38,143587,31,task-cjtc,,35489813,qdvg4,9856429,,complete,,,computer,Desktop or Laptop,Mac OS 10.15.7,Chrome 120.0.0.0,1440x900,1440x813,,,,Stroop Task,5,DGS,spreadsheet_stroop_100,spreadsheet_stroop_100,75,36,1,Screen 1,fixation,fixation,500,,,,,0,1,0,,,,,1,Trials,GREENgreen.jpg,green,1,0
106,1708881218938,25/02/2024 17:13:38,1708881218857,1,25/02/2024 18:13:38,143587,31,task-cjtc,,35489813,qdvg4,9856429,,complete,,,computer,Desktop or Laptop,Mac OS 10.15.7,Chrome 120.0.0.0,1440x900,1440x813,,,,Stroop Task,5,DGS,spreadsheet_stroop_100,spreadsheet_stroop_100,75,36,2,Screen 2,buttonb,response_keyboard,378.09999990463257,,,green,1,1,0,0,,,,,1,Trials,GREENgreen.jpg,green,1,0
107,1708881219409,25/02/2024 17:13:39,1708881219339,1,25/02/2024 18:13:39,143587,31,task-cjtc,,35489813,qdvg4,9856429,,complete,,,computer,Desktop or Laptop,Mac OS 10.15.7,Chrome 120.0.0.0,1440x900,1440x813,,,,Stroop Task,5,DGS,spreadsheet_stroop_100,spreadsheet_stroop_100,90,37,1,Screen 1,fixation,fixation,500,,,,,0,1,0,,,,,1,Trials,GREENgreen.jpg,green,1,0
108,1708881219891,25/02/2024 17:13:39,1708881219809,1,25/02/2024 18:13:39,143587,31,task-cjtc,,35489813,qdvg4,9856429,,complete,,,computer,Desktop or Laptop,Mac OS 10.15.7,Chrome 120.0.0.0,1440x900,1440x813,,,,Stroop Task,5,DGS,spreadsheet_stroop_100,spreadsheet_stroop_100,90,37,2,Screen 2,buttonb,response_keyboard,462.5,,,green,1,1,0,0,,,,,1,Trials,GREENgreen.jpg,green,1,0
109,1708881220385,25/02/2024 17:13:40,1708881220305,1,25/02/2024 18:13:40,143587,31,task-cjtc,,35489813,qdvg4,9856429,,complete,,,computer,Desktop or Laptop,Mac OS 10.15.7,Chrome 120.0.0.0,1440x900,1440x813,,,,Stroop Task,5,DGS,spreadsheet_stroop_100,spreadsheet_stroop_100,113,38,1,Screen 1,fixation,fixation,500,,,,,0,1,0,,,,,1,Trials,REDred.jpg,red,1,0
110,1708881221152,25/02/2024 17:13:41,1708881221042,1,25/02/2024 18:13:41,143587,31,task-cjtc,,35489813,qdvg4,9856429,,complete,,,computer,Desktop or Laptop,Mac OS 10.15.7,Chrome 120.0.0.0,1440x900,1440x813,,,,Stroop Task,5,DGS,spreadsheet_stroop_100,spreadsheet_stroop_100,113,38,2,Screen 2,buttona,response_keyboard,729.2999997138977,,,red,1,1,0,0,,,,,1,Trials,REDred.jpg,red,1,0
111,1708881221618,25/02/2024 17:13:41,1708881221539,1,25/02/2024 18:13:41,143587,31,task-cjtc,,35489813,qdvg4,9856429,,complete,,,computer,Desktop or Laptop,Mac OS 10.15.7,Chrome 120.0.0.0,1440x900,1440x813,,,,Stroop Task,5,DGS,spreadsheet_stroop_100,spreadsheet_stroop_100,56,39,1,Screen 1,fixation,fixation,500,,,,,0,1,0,,,,,1,Trials,REDblue.jpg,red,0,0
112,1708881222126,25/02/2024 17:13:42,1708881222039,1,25/02/2024 18:13:42,143587,31,task-cjtc,,35489813,qdvg4,9856429,,complete,,,computer,Desktop or Laptop,Mac OS 10.15.7,Chrome 120.0.0.0,1440x900,1440x813,,,,Stroop Task,5,DGS,spreadsheet_stroop_100,spreadsheet_stroop_100,56,39,2,Screen 2,buttona,response_keyboard,491.69999980926514,,,red,1,1,0,0,,,,,1,Trials,REDblue.jpg,red,0,0
113,1708881222593,25/02/2024 17:13:42,1708881222521,1,25/02/2024 18:13:42,143587,31,task-cjtc,,35489813,qdvg4,9856429,,complete,,,computer,Desktop or Laptop,Mac OS 10.15.7,Chrome 120.0.0.0,1440x900,1440x813,,,,Stroop Task,5,DGS,spreadsheet_stroop_100,spreadsheet_stroop_100,47,40,1,Screen 1,fixation,fixation,500,,,,,0,1,0,,,,,1,Trials,BLUEgreen.jpg,blue,0,0
114,1708881223370,25/02/2024 17:13:43,1708881223288,1,25/02/2024 18:13:43,143587,31,task-cjtc,,35489813,qdvg4,9856429,,complete,,,computer,Desktop or Laptop,Mac OS 10.15.7,Chrome 120.0.0.0,1440x900,1440x813,,,,Stroop Task,5,DGS,spreadsheet_stroop_100,spreadsheet_stroop_100,47,40,2,Screen 2,buttonb,response_keyboard,760.8000001907349,,,green,1,0,1,0,,,,,1,Trials,BLUEgreen.jpg,blue,0,0
115,1708881223876,25/02/2024 17:13:43,1708881223790,1,25/02/2024 18:13:43,143587,31,task-cjtc,,35489813,qdvg4,9856429,,complete,,,computer,Desktop or Laptop,Mac OS 10.15.7,Chrome 120.0.0.0,1440x900,1440x813,,,,Stroop Task,5,DGS,spreadsheet_stroop_100,spreadsheet_stroop_100,30,41,1,Screen 1,fixation,fixation,500,,,,,0,1,0,,,,,1,Trials,GREENyellow.jpg,green,0,0
116,1708881224415,25/02/2024 17:13:44,1708881224330,1,25/02/2024 18:13:44,143587,31,task-cjtc,,35489813,qdvg4,9856429,,complete,,,computer,Desktop or Laptop,Mac OS 10.15.7,Chrome 120.0.0.0,1440x900,1440x813,,,,Stroop Task,5,DGS,spreadsheet_stroop_100,spreadsheet_stroop_100,30,41,2,Screen 2,buttonb,response_keyboard,533.1000003814697,,,green,1,1,0,0,,,,,1,Trials,GREENyellow.jpg,green,0,0
117,1708881224906,25/02/2024 17:13:44,1708881224822,1,25/02/2024 18:13:44,143587,31,task-cjtc,,35489813,qdvg4,9856429,,complete,,,computer,Desktop or Laptop,Mac OS 10.15.7,Chrome 120.0.0.0,1440x900,1440x813,,,,Stroop Task,5,DGS,spreadsheet_stroop_100,spreadsheet_stroop_100,71,42,1,Screen 1,fixation,fixation,499.8999999999942,,,,,0,1,0,,,,,1,Trials,GREENred.jpg,green,0,0
118,1708881225410,25/02/2024 17:13:45,1708881225331,1,25/02/2024 18:13:45,143587,31,task-cjtc,,35489813,qdvg4,9856429,,complete,,,computer,Desktop or Laptop,Mac OS 10.15.7,Chrome 120.0.0.0,1440x900,1440x813,,,,Stroop Task,5,DGS,spreadsheet_stroop_100,spreadsheet_stroop_100,71,42,2,Screen 2,buttonb,response_keyboard,500.40000009536743,,,green,1,1,0,0,,,,,1,Trials,GREENred.jpg,green,0,0
119,1708881225913,25/02/2024 17:13:45,1708881225821,1,25/02/2024 18:13:45,143587,31,task-cjtc,,35489813,qdvg4,9856429,,complete,,,computer,Desktop or Laptop,Mac OS 10.15.7,Chrome 120.0.0.0,1440x900,1440x813,,,,Stroop Task,5,DGS,spreadsheet_stroop_100,spreadsheet_stroop_100,107,43,1,Screen 1,fixation,fixation,499.8999999999942,,,,,0,1,0,,,,,1,Trials,GREENgreen.jpg,green,1,0
120,1708881226428,25/02/2024 17:13:46,1708881226336,1,25/02/2024 18:13:46,143587,31,task-cjtc,,35489813,qdvg4,9856429,,complete,,,computer,Desktop or Laptop,Mac OS 10.15.7,Chrome 120.0.0.0,1440x900,1440x813,,,,Stroop Task,5,DGS,spreadsheet_stroop_100,spreadsheet_stroop_100,107,43,2,Screen 2,buttonb,response_keyboard,506.80000019073486,,,green,1,1,0,0,,,,,1,Trials,GREENgreen.jpg,green,1,0
121,1708881226909,25/02/2024 17:13:46,1708881226822,1,25/02/2024 18:13:46,143587,31,task-cjtc,,35489813,qdvg4,9856429,,complete,,,computer,Desktop or Laptop,Mac OS 10.15.7,Chrome 120.0.0.0,1440x900,1440x813,,,,Stroop Task,5,DGS,spreadsheet_stroop_100,spreadsheet_stroop_100,26,44,1,Screen 1,fixation,fixation,499.8999999999942,,,,,0,1,0,,,,,1,Trials,YELLOWyellow.jpg,yellow,1,0
122,1708881227648,25/02/2024 17:13:47,1708881227562,1,25/02/2024 18:13:47,143587,31,task-cjtc,,35489813,qdvg4,9856429,,complete,,,computer,Desktop or Laptop,Mac OS 10.15.7,Chrome 120.0.0.0,1440x900,1440x813,,,,Stroop Task,5,DGS,spreadsheet_stroop_100,spreadsheet_stroop_100,26,44,2,Screen 2,buttona,response_keyboard,734.5999999046326,,,yellow,1,1,0,0,,,,,1,Trials,YELLOWyellow.jpg,yellow,1,0
123,1708881228147,25/02/2024 17:13:48,1708881228055,1,25/02/2024 18:13:48,143587,31,task-cjtc,,35489813,qdvg4,9856429,,complete,,,computer,Desktop or Laptop,Mac OS 10.15.7,Chrome 120.0.0.0,1440x900,1440x813,,,,Stroop Task,5,DGS,spreadsheet_stroop_100,spreadsheet_stroop_100,35,45,1,Screen 1,fixation,fixation,500,,,,,0,1,0,,,,,1,Trials,GREENblue.jpg,green,0,0
124,1708881229004,25/02/2024 17:13:49,1708881228908,1,25/02/2024 18:13:48,143587,31,task-cjtc,,35489813,qdvg4,9856429,,complete,,,computer,Desktop or Laptop,Mac OS 10.15.7,Chrome 120.0.0.0,1440x900,1440x813,,,,Stroop Task,5,DGS,spreadsheet_stroop_100,spreadsheet_stroop_100,35,45,2,Screen 2,buttonb,response_keyboard,844.6999998092651,,,green,1,1,0,0,,,,,1,Trials,GREENblue.jpg,green,0,0
125,1708881229491,25/02/2024 17:13:49,1708881229405,1,25/02/2024 18:13:49,143587,31,task-cjtc,,35489813,qdvg4,9856429,,complete,,,computer,Desktop or Laptop,Mac OS 10.15.7,Chrome 120.0.0.0,1440x900,1440x813,,,,Stroop Task,5,DGS,spreadsheet_stroop_100,spreadsheet_stroop_100,118,46,1,Screen 1,fixation,fixation,500.1000000000058,,,,,0,1,0,,,,,1,Trials,REDred.jpg,red,1,0
126,1708881230069,25/02/2024 17:13:50,1708881229962,1,25/02/2024 18:13:49,143587,31,task-cjtc,,35489813,qdvg4,9856429,,complete,,,computer,Desktop or Laptop,Mac OS 10.15.7,Chrome 120.0.0.0,1440x900,1440x813,,,,Stroop Task,5,DGS,spreadsheet_stroop_100,spreadsheet_stroop_100,118,46,2,Screen 2,buttona,response_keyboard,549.5,,,red,1,1,0,0,,,,,1,Trials,REDred.jpg,red,1,0
127,1708881230535,25/02/2024 17:13:50,1708881230456,1,25/02/2024 18:13:50,143587,31,task-cjtc,,35489813,qdvg4,9856429,,complete,,,computer,Desktop or Laptop,Mac OS 10.15.7,Chrome 120.0.0.0,1440x900,1440x813,,,,Stroop Task,5,DGS,spreadsheet_stroop_100,spreadsheet_stroop_100,108,47,1,Screen 1,fixation,fixation,500,,,,,0,1,0,,,,,1,Trials,GREENgreen.jpg,green,1,0
128,1708881231511,25/02/2024 17:13:51,1708881231434,1,25/02/2024 18:13:51,143587,31,task-cjtc,,35489813,qdvg4,9856429,,complete,,,computer,Desktop or Laptop,Mac OS 10.15.7,Chrome 120.0.0.0,1440x900,1440x813,,,,Stroop Task,5,DGS,spreadsheet_stroop_100,spreadsheet_stroop_100,108,47,2,Screen 2,buttonb,response_keyboard,970.3000001907349,,,green,1,1,0,0,,,,,1,Trials,GREENgreen.jpg,green,1,0
129,1708881232016,25/02/2024 17:13:52,1708881231923,1,25/02/2024 18:13:51,143587,31,task-cjtc,,35489813,qdvg4,9856429,,complete,,,computer,Desktop or Laptop,Mac OS 10.15.7,Chrome 120.0.0.0,1440x900,1440x813,,,,Stroop Task,5,DGS,spreadsheet_stroop_100,spreadsheet_stroop_100,62,48,1,Screen 1,fixation,fixation,499.8999999999942,,,,,0,1,0,,,,,1,Trials,REDyellow.jpg,red,0,0
130,1708881232667,25/02/2024 17:13:52,1708881232589,1,25/02/2024 18:13:52,143587,31,task-cjtc,,35489813,qdvg4,9856429,,complete,,,computer,Desktop or Laptop,Mac OS 10.15.7,Chrome 120.0.0.0,1440x900,1440x813,,,,Stroop Task,5,DGS,spreadsheet_stroop_100,spreadsheet_stroop_100,62,48,2,Screen 2,buttona,response_keyboard,659.7999997138977,,,red,1,1,0,0,,,,,1,Trials,REDyellow.jpg,red,0,0
131,1708881233367,25/02/2024 17:13:53,1708881233073,1,25/02/2024 18:13:53,143587,31,task-cjtc,,35489813,qdvg4,9856429,,complete,,,computer,Desktop or Laptop,Mac OS 10.15.7,Chrome 120.0.0.0,1440x900,1440x813,,,,Stroop Task,5,DGS,spreadsheet_stroop_100,spreadsheet_stroop_100,101,49,1,Screen 1,fixation,fixation,499.8999999999942,,,,,0,1,0,,,,,1,Trials,BLUEblue.jpg,blue,1,0
132,1708881233834,25/02/2024 17:13:53,1708881233759,1,25/02/2024 18:13:53,143587,31,task-cjtc,,35489813,qdvg4,9856429,,complete,,,computer,Desktop or Laptop,Mac OS 10.15.7,Chrome 120.0.0.0,1440x900,1440x813,,,,Stroop Task,5,DGS,spreadsheet_stroop_100,spreadsheet_stroop_100,101,49,2,Screen 2,buttonb,response_keyboard,679.5,,,blue,1,1,0,0,,,,,1,Trials,BLUEblue.jpg,blue,1,0
133,1708881234343,25/02/2024 17:13:54,1708881234256,1,25/02/2024 18:13:54,143587,31,task-cjtc,,35489813,qdvg4,9856429,,complete,,,computer,Desktop or Laptop,Mac OS 10.15.7,Chrome 120.0.0.0,1440x900,1440x813,,,,Stroop Task,5,DGS,spreadsheet_stroop_100,spreadsheet_stroop_100,73,50,1,Screen 1,fixation,fixation,499.8999999999942,,,,,0,1,0,,,,,1,Trials,REDred.jpg,red,1,0
134,1708881235090,25/02/2024 17:13:55,1708881235004,1,25/02/2024 18:13:55,143587,31,task-cjtc,,35489813,qdvg4,9856429,,complete,,,computer,Desktop or Laptop,Mac OS 10.15.7,Chrome 120.0.0.0,1440x900,1440x813,,,,Stroop Task,5,DGS,spreadsheet_stroop_100,spreadsheet_stroop_100,73,50,2,Screen 2,buttona,response_keyboard,740.5,,,red,1,1,0,0,,,,,1,Trials,REDred.jpg,red,1,0
135,1708881235562,25/02/2024 17:13:55,1708881235489,1,25/02/2024 18:13:55,143587,31,task-cjtc,,35489813,qdvg4,9856429,,complete,,,computer,Desktop or Laptop,Mac OS 10.15.7,Chrome 120.0.0.0,1440x900,1440x813,,,,Stroop Task,5,DGS,spreadsheet_stroop_100,spreadsheet_stroop_100,61,51,1,Screen 1,fixation,fixation,500.1000000000058,,,,,0,1,0,,,,,1,Trials,REDred.jpg,red,1,0
136,1708881236199,25/02/2024 17:13:56,1708881236105,1,25/02/2024 18:13:56,143587,31,task-cjtc,,35489813,qdvg4,9856429,,complete,,,computer,Desktop or Laptop,Mac OS 10.15.7,Chrome 120.0.0.0,1440x900,1440x813,,,,Stroop Task,5,DGS,spreadsheet_stroop_100,spreadsheet_stroop_100,61,51,2,Screen 2,buttona,response_keyboard,609.1999998092651,,,red,1,1,0,0,,,,,1,Trials,REDred.jpg,red,1,0
137,1708881236664,25/02/2024 17:13:56,1708881236590,1,25/02/2024 18:13:56,143587,31,task-cjtc,,35489813,qdvg4,9856429,,complete,,,computer,Desktop or Laptop,Mac OS 10.15.7,Chrome 120.0.0.0,1440x900,1440x813,,,,Stroop Task,5,DGS,spreadsheet_stroop_100,spreadsheet_stroop_100,53,52,1,Screen 1,fixation,fixation,499.8999999999942,,,,,0,1,0,,,,,1,Trials,BLUEyellow.jpg,blue,0,0
138,1708881237923,25/02/2024 17:13:57,1708881237842,1,25/02/2024 18:13:57,143587,31,task-cjtc,,35489813,qdvg4,9856429,,complete,,,computer,Desktop or Laptop,Mac OS 10.15.7,Chrome 120.0.0.0,1440x900,1440x813,,,,Stroop Task,5,DGS,spreadsheet_stroop_100,spreadsheet_stroop_100,53,52,2,Screen 2,buttonb,response_keyboard,1245.1999998092651,,,blue,1,1,0,0,,,,,1,Trials,BLUEyellow.jpg,blue,0,0
139,1708881238426,25/02/2024 17:13:58,1708881238338,1,25/02/2024 18:13:58,143587,31,task-cjtc,,35489813,qdvg4,9856429,,complete,,,computer,Desktop or Laptop,Mac OS 10.15.7,Chrome 120.0.0.0,1440x900,1440x813,,,,Stroop Task,5,DGS,spreadsheet_stroop_100,spreadsheet_stroop_100,24,53,1,Screen 1,fixation,fixation,499.8999999999942,,,,,0,1,0,,,,,1,Trials,YELLOWblue.jpg,yellow,0,0
140,1708881239387,25/02/2024 17:13:59,1708881239290,1,25/02/2024 18:13:59,143587,31,task-cjtc,,35489813,qdvg4,9856429,,complete,,,computer,Desktop or Laptop,Mac OS 10.15.7,Chrome 120.0.0.0,1440x900,1440x813,,,,Stroop Task,5,DGS,spreadsheet_stroop_100,spreadsheet_stroop_100,24,53,2,Screen 2,buttona,response_keyboard,946.1999998092651,,,yellow,1,1,0,0,,,,,1,Trials,YELLOWblue.jpg,yellow,0,0
141,1708881239880,25/02/2024 17:13:59,1708881239790,1,25/02/2024 18:13:59,143587,31,task-cjtc,,35489813,qdvg4,9856429,,complete,,,computer,Desktop or Laptop,Mac OS 10.15.7,Chrome 120.0.0.0,1440x900,1440x813,,,,Stroop Task,5,DGS,spreadsheet_stroop_100,spreadsheet_stroop_100,42,54,1,Screen 1,fixation,fixation,499.9000000000233,,,,,0,1,0,,,,,1,Trials,BLUEred.jpg,blue,0,0
142,1708881240343,25/02/2024 17:14:00,1708881240241,1,25/02/2024 18:14:00,143587,31,task-cjtc,,35489813,qdvg4,9856429,,complete,,,computer,Desktop or Laptop,Mac OS 10.15.7,Chrome 120.0.0.0,1440x900,1440x813,,,,Stroop Task,5,DGS,spreadsheet_stroop_100,spreadsheet_stroop_100,42,54,2,Screen 2,buttona,response_keyboard,444.30000019073486,,,yellow,1,0,1,0,,,,,1,Trials,BLUEred.jpg,blue,0,0
143,1708881240823,25/02/2024 17:14:00,1708881240739,1,25/02/2024 18:14:00,143587,31,task-cjtc,,35489813,qdvg4,9856429,,complete,,,computer,Desktop or Laptop,Mac OS 10.15.7,Chrome 120.0.0.0,1440x900,1440x813,,,,Stroop Task,5,DGS,spreadsheet_stroop_100,spreadsheet_stroop_100,57,55,1,Screen 1,fixation,fixation,500,,,,,0,1,0,,,,,1,Trials,REDred.jpg,red,1,0
144,1708881241499,25/02/2024 17:14:01,1708881241407,1,25/02/2024 18:14:01,143587,31,task-cjtc,,35489813,qdvg4,9856429,,complete,,,computer,Desktop or Laptop,Mac OS 10.15.7,Chrome 120.0.0.0,1440x900,1440x813,,,,Stroop Task,5,DGS,spreadsheet_stroop_100,spreadsheet_stroop_100,57,55,2,Screen 2,buttona,response_keyboard,659.8999996185303,,,red,1,1,0,0,,,,,1,Trials,REDred.jpg,red,1,0
145,1708881242001,25/02/2024 17:14:02,1708881241906,1,25/02/2024 18:14:01,143587,31,task-cjtc,,35489813,qdvg4,9856429,,complete,,,computer,Desktop or Laptop,Mac OS 10.15.7,Chrome 120.0.0.0,1440x900,1440x813,,,,Stroop Task,5,DGS,spreadsheet_stroop_100,spreadsheet_stroop_100,99,56,1,Screen 1,fixation,fixation,499.8999999999942,,,,,0,1,0,,,,,1,Trials,REDblue.jpg,red,0,0
146,1708881242682,25/02/2024 17:14:02,1708881242600,1,25/02/2024 18:14:02,143587,31,task-cjtc,,35489813,qdvg4,9856429,,complete,,,computer,Desktop or Laptop,Mac OS 10.15.7,Chrome 120.0.0.0,1440x900,1440x813,,,,Stroop Task,5,DGS,spreadsheet_stroop_100,spreadsheet_stroop_100,99,56,2,Screen 2,buttona,response_keyboard,686.8000001907349,,,red,1,1,0,0,,,,,1,Trials,REDblue.jpg,red,0,0
147,1708881243176,25/02/2024 17:14:03,1708881243089,1,25/02/2024 18:14:03,143587,31,task-cjtc,,35489813,qdvg4,9856429,,complete,,,computer,Desktop or Laptop,Mac OS 10.15.7,Chrome 120.0.0.0,1440x900,1440x813,,,,Stroop Task,5,DGS,spreadsheet_stroop_100,spreadsheet_stroop_100,37,57,1,Screen 1,fixation,fixation,500,,,,,0,1,0,,,,,1,Trials,GREENgreen.jpg,green,1,0
148,1708881244080,25/02/2024 17:14:04,1708881243995,1,25/02/2024 18:14:03,143587,31,task-cjtc,,35489813,qdvg4,9856429,,complete,,,computer,Desktop or Laptop,Mac OS 10.15.7,Chrome 120.0.0.0,1440x900,1440x813,,,,Stroop Task,5,DGS,spreadsheet_stroop_100,spreadsheet_stroop_100,37,57,2,Screen 2,buttonb,response_keyboard,898.7000002861023,,,green,1,1,0,0,,,,,1,Trials,GREENgreen.jpg,green,1,0
149,1708881244570,25/02/2024 17:14:04,1708881244488,1,25/02/2024 18:14:04,143587,31,task-cjtc,,35489813,qdvg4,9856429,,complete,,,computer,Desktop or Laptop,Mac OS 10.15.7,Chrome 120.0.0.0,1440x900,1440x813,,,,Stroop Task,5,DGS,spreadsheet_stroop_100,spreadsheet_stroop_100,21,58,1,Screen 1,fixation,fixation,499.9000000000233,,,,,0,1,0,,,,,1,Trials,YELLOWred.jpg,yellow,0,0
150,1708881245443,25/02/2024 17:14:05,1708881245370,1,25/02/2024 18:14:05,143587,31,task-cjtc,,35489813,qdvg4,9856429,,complete,,,computer,Desktop or Laptop,Mac OS 10.15.7,Chrome 120.0.0.0,1440x900,1440x813,,,,Stroop Task,5,DGS,spreadsheet_stroop_100,spreadsheet_stroop_100,21,58,2,Screen 2,buttona,response_keyboard,877.3000001907349,,,yellow,1,1,0,0,,,,,1,Trials,YELLOWred.jpg,yellow,0,0
151,1708881245932,25/02/2024 17:14:05,1708881245856,1,25/02/2024 18:14:05,143587,31,task-cjtc,,35489813,qdvg4,9856429,,complete,,,computer,Desktop or Laptop,Mac OS 10.15.7,Chrome 120.0.0.0,1440x900,1440x813,,,,Stroop Task,5,DGS,spreadsheet_stroop_100,spreadsheet_stroop_100,72,59,1,Screen 1,fixation,fixation,500,,,,,0,1,0,,,,,1,Trials,REDred.jpg,red,1,0
152,1708881246526,25/02/2024 17:14:06,1708881246452,1,25/02/2024 18:14:06,143587,31,task-cjtc,,35489813,qdvg4,9856429,,complete,,,computer,Desktop or Laptop,Mac OS 10.15.7,Chrome 120.0.0.0,1440x900,1440x813,,,,Stroop Task,5,DGS,spreadsheet_stroop_100,spreadsheet_stroop_100,72,59,2,Screen 2,buttona,response_keyboard,588.6999998092651,,,red,1,1,0,0,,,,,1,Trials,REDred.jpg,red,1,0
153,1708881247020,25/02/2024 17:14:07,1708881246939,1,25/02/2024 18:14:06,143587,31,task-cjtc,,35489813,qdvg4,9856429,,complete,,,computer,Desktop or Laptop,Mac OS 10.15.7,Chrome 120.0.0.0,1440x900,1440x813,,,,Stroop Task,5,DGS,spreadsheet_stroop_100,spreadsheet_stroop_100,104,60,1,Screen 1,fixation,fixation,500,,,,,0,1,0,,,,,1,Trials,REDred.jpg,red,1,0
154,1708881247573,25/02/2024 17:14:07,1708881247489,1,25/02/2024 18:14:07,143587,31,task-cjtc,,35489813,qdvg4,9856429,,complete,,,computer,Desktop or Laptop,Mac OS 10.15.7,Chrome 120.0.0.0,1440x900,1440x813,,,,Stroop Task,5,DGS,spreadsheet_stroop_100,spreadsheet_stroop_100,104,60,2,Screen 2,buttona,response_keyboard,543.3999996185303,,,red,1,1,0,0,,,,,1,Trials,REDred.jpg,red,1,0
155,1708881248056,25/02/2024 17:14:08,1708881247972,1,25/02/2024 18:14:07,143587,31,task-cjtc,,35489813,qdvg4,9856429,,complete,,,computer,Desktop or Laptop,Mac OS 10.15.7,Chrome 120.0.0.0,1440x900,1440x813,,,,Stroop Task,5,DGS,spreadsheet_stroop_100,spreadsheet_stroop_100,114,61,1,Screen 1,fixation,fixation,500,,,,,0,1,0,,,,,1,Trials,BLUEyellow.jpg,yellow,0,0
156,1708881248793,25/02/2024 17:14:08,1708881248702,1,25/02/2024 18:14:08,143587,31,task-cjtc,,35489813,qdvg4,9856429,,complete,,,computer,Desktop or Laptop,Mac OS 10.15.7,Chrome 120.0.0.0,1440x900,1440x813,,,,Stroop Task,5,DGS,spreadsheet_stroop_100,spreadsheet_stroop_100,114,61,2,Screen 2,buttonb,response_keyboard,722.3000001907349,,,blue,1,0,1,0,,,,,1,Trials,BLUEyellow.jpg,yellow,0,0
157,1708881249261,25/02/2024 17:14:09,1708881249188,1,25/02/2024 18:14:09,143587,31,task-cjtc,,35489813,qdvg4,9856429,,complete,,,computer,Desktop or Laptop,Mac OS 10.15.7,Chrome 120.0.0.0,1440x900,1440x813,,,,Stroop Task,5,DGS,spreadsheet_stroop_100,spreadsheet_stroop_100,40,62,1,Screen 1,fixation,fixation,500,,,,,0,1,0,,,,,1,Trials,GREENred.jpg,green,0,0
158,1708881250666,25/02/2024 17:14:10,1708881250584,1,25/02/2024 18:14:10,143587,31,task-cjtc,,35489813,qdvg4,9856429,,complete,,,computer,Desktop or Laptop,Mac OS 10.15.7,Chrome 120.0.0.0,1440x900,1440x813,,,,Stroop Task,5,DGS,spreadsheet_stroop_100,spreadsheet_stroop_100,40,62,2,Screen 2,buttonb,response_keyboard,1387.9000000953674,,,green,1,1,0,0,,,,,1,Trials,GREENred.jpg,green,0,0
159,1708881251162,25/02/2024 17:14:11,1708881251071,1,25/02/2024 18:14:11,143587,31,task-cjtc,,35489813,qdvg4,9856429,,complete,,,computer,Desktop or Laptop,Mac OS 10.15.7,Chrome 120.0.0.0,1440x900,1440x813,,,,Stroop Task,5,DGS,spreadsheet_stroop_100,spreadsheet_stroop_100,34,63,1,Screen 1,fixation,fixation,500.70000000001164,,,,,0,1,0,,,,,1,Trials,GREENyellow.jpg,green,0,0
160,1708881251679,25/02/2024 17:14:11,1708881251597,1,25/02/2024 18:14:11,143587,31,task-cjtc,,35489813,qdvg4,9856429,,complete,,,computer,Desktop or Laptop,Mac OS 10.15.7,Chrome 120.0.0.0,1440x900,1440x813,,,,Stroop Task,5,DGS,spreadsheet_stroop_100,spreadsheet_stroop_100,34,63,2,Screen 2,buttonb,response_keyboard,519.4000000953674,,,green,1,1,0,0,,,,,1,Trials,GREENyellow.jpg,green,0,0
161,1708881252176,25/02/2024 17:14:12,1708881252089,1,25/02/2024 18:14:12,143587,31,task-cjtc,,35489813,qdvg4,9856429,,complete,,,computer,Desktop or Laptop,Mac OS 10.15.7,Chrome 120.0.0.0,1440x900,1440x813,,,,Stroop Task,5,DGS,spreadsheet_stroop_100,spreadsheet_stroop_100,112,64,1,Screen 1,fixation,fixation,499.9000000000233,,,,,0,1,0,,,,,1,Trials,YELLOWyellow.jpg,yellow,1,0
162,1708881252802,25/02/2024 17:14:12,1708881252732,1,25/02/2024 18:14:12,143587,31,task-cjtc,,35489813,qdvg4,9856429,,complete,,,computer,Desktop or Laptop,Mac OS 10.15.7,Chrome 120.0.0.0,1440x900,1440x813,,,,Stroop Task,5,DGS,spreadsheet_stroop_100,spreadsheet_stroop_100,112,64,2,Screen 2,buttona,response_keyboard,635.7999997138977,,,yellow,1,1,0,0,,,,,1,Trials,YELLOWyellow.jpg,yellow,1,0
163,1708881253304,25/02/2024 17:14:13,1708881253223,1,25/02/2024 18:14:13,143587,31,task-cjtc,,35489813,qdvg4,9856429,,complete,,,computer,Desktop or Laptop,Mac OS 10.15.7,Chrome 120.0.0.0,1440x900,1440x813,,,,Stroop Task,5,DGS,spreadsheet_stroop_100,spreadsheet_stroop_100,76,65,1,Screen 1,fixation,fixation,500,,,,,0,1,0,,,,,1,Trials,REDred.jpg,red,1,0
164,1708881254002,25/02/2024 17:14:14,1708881253914,1,25/02/2024 18:14:13,143587,31,task-cjtc,,35489813,qdvg4,9856429,,complete,,,computer,Desktop or Laptop,Mac OS 10.15.7,Chrome 120.0.0.0,1440x900,1440x813,,,,Stroop Task,5,DGS,spreadsheet_stroop_100,spreadsheet_stroop_100,76,65,2,Screen 2,buttona,response_keyboard,683.2000002861023,,,red,1,1,0,0,,,,,1,Trials,REDred.jpg,red,1,0
165,1708881254478,25/02/2024 17:14:14,1708881254406,1,25/02/2024 18:14:14,143587,31,task-cjtc,,35489813,qdvg4,9856429,,complete,,,computer,Desktop or Laptop,Mac OS 10.15.7,Chrome 120.0.0.0,1440x900,1440x813,,,,Stroop Task,5,DGS,spreadsheet_stroop_100,spreadsheet_stroop_100,44,66,1,Screen 1,fixation,fixation,500,,,,,0,1,0,,,,,1,Trials,BLUEblue.jpg,blue,1,0
166,1708881255546,25/02/2024 17:14:15,1708881255466,1,25/02/2024 18:14:15,143587,31,task-cjtc,,35489813,qdvg4,9856429,,complete,,,computer,Desktop or Laptop,Mac OS 10.15.7,Chrome 120.0.0.0,1440x900,1440x813,,,,Stroop Task,5,DGS,spreadsheet_stroop_100,spreadsheet_stroop_100,44,66,2,Screen 2,buttonb,response_keyboard,1052.5,,,blue,1,1,0,0,,,,,1,Trials,BLUEblue.jpg,blue,1,0
167,1708881256042,25/02/2024 17:14:16,1708881255957,1,25/02/2024 18:14:15,143587,31,task-cjtc,,35489813,qdvg4,9856429,,complete,,,computer,Desktop or Laptop,Mac OS 10.15.7,Chrome 120.0.0.0,1440x900,1440x813,,,,Stroop Task,5,DGS,spreadsheet_stroop_100,spreadsheet_stroop_100,33,67,1,Screen 1,fixation,fixation,500,,,,,0,1,0,,,,,1,Trials,GREENgreen.jpg,green,1,0
168,1708881256544,25/02/2024 17:14:16,1708881256474,1,25/02/2024 18:14:16,143587,31,task-cjtc,,35489813,qdvg4,9856429,,complete,,,computer,Desktop or Laptop,Mac OS 10.15.7,Chrome 120.0.0.0,1440x900,1440x813,,,,Stroop Task,5,DGS,spreadsheet_stroop_100,spreadsheet_stroop_100,33,67,2,Screen 2,buttonb,response_keyboard,508.69999980926514,,,green,1,1,0,0,,,,,1,Trials,GREENgreen.jpg,green,1,0
169,1708881257060,25/02/2024 17:14:17,1708881256973,1,25/02/2024 18:14:16,143587,31,task-cjtc,,35489813,qdvg4,9856429,,complete,,,computer,Desktop or Laptop,Mac OS 10.15.7,Chrome 120.0.0.0,1440x900,1440x813,,,,Stroop Task,5,DGS,spreadsheet_stroop_100,spreadsheet_stroop_100,109,68,1,Screen 1,fixation,fixation,500,,,,,0,1,0,,,,,1,Trials,GREENgreen.jpg,green,1,0
170,1708881257640,25/02/2024 17:14:17,1708881257569,1,25/02/2024 18:14:17,143587,31,task-cjtc,,35489813,qdvg4,9856429,,complete,,,computer,Desktop or Laptop,Mac OS 10.15.7,Chrome 120.0.0.0,1440x900,1440x813,,,,Stroop Task,5,DGS,spreadsheet_stroop_100,spreadsheet_stroop_100,109,68,2,Screen 2,buttonb,response_keyboard,588.3000001907349,,,green,1,1,0,0,,,,,1,Trials,GREENgreen.jpg,green,1,0
171,1708881258131,25/02/2024 17:14:18,1708881258056,1,25/02/2024 18:14:18,143587,31,task-cjtc,,35489813,qdvg4,9856429,,complete,,,computer,Desktop or Laptop,Mac OS 10.15.7,Chrome 120.0.0.0,1440x900,1440x813,,,,Stroop Task,5,DGS,spreadsheet_stroop_100,spreadsheet_stroop_100,80,69,1,Screen 1,fixation,fixation,499.8999999999942,,,,,0,1,0,,,,,1,Trials,BLUEred.jpg,blue,0,0
172,1708881258598,25/02/2024 17:14:18,1708881258525,1,25/02/2024 18:14:18,143587,31,task-cjtc,,35489813,qdvg4,9856429,,complete,,,computer,Desktop or Laptop,Mac OS 10.15.7,Chrome 120.0.0.0,1440x900,1440x813,,,,Stroop Task,5,DGS,spreadsheet_stroop_100,spreadsheet_stroop_100,80,69,2,Screen 2,buttonb,response_keyboard,462.19999980926514,,,blue,1,1,0,0,,,,,1,Trials,BLUEred.jpg,blue,0,0
173,1708881259098,25/02/2024 17:14:19,1708881259023,1,25/02/2024 18:14:19,143587,31,task-cjtc,,35489813,qdvg4,9856429,,complete,,,computer,Desktop or Laptop,Mac OS 10.15.7,Chrome 120.0.0.0,1440x900,1440x813,,,,Stroop Task,5,DGS,spreadsheet_stroop_100,spreadsheet_stroop_100,50,70,1,Screen 1,fixation,fixation,500,,,,,0,1,0,,,,,1,Trials,BLUEred.jpg,blue,0,0
174,1708881259530,25/02/2024 17:14:19,1708881259450,1,25/02/2024 18:14:19,143587,31,task-cjtc,,35489813,qdvg4,9856429,,complete,,,computer,Desktop or Laptop,Mac OS 10.15.7,Chrome 120.0.0.0,1440x900,1440x813,,,,Stroop Task,5,DGS,spreadsheet_stroop_100,spreadsheet_stroop_100,50,70,2,Screen 2,buttonb,response_keyboard,419.6000003814697,,,blue,1,1,0,0,,,,,1,Trials,BLUEred.jpg,blue,0,0
175,1708881260022,25/02/2024 17:14:20,1708881259939,1,25/02/2024 18:14:19,143587,31,task-cjtc,,35489813,qdvg4,9856429,,complete,,,computer,Desktop or Laptop,Mac OS 10.15.7,Chrome 120.0.0.0,1440x900,1440x813,,,,Stroop Task,5,DGS,spreadsheet_stroop_100,spreadsheet_stroop_100,103,71,1,Screen 1,fixation,fixation,500,,,,,0,1,0,,,,,1,Trials,YELLOWred.jpg,yellow,0,0
176,1708881260917,25/02/2024 17:14:20,1708881260830,1,25/02/2024 18:14:20,143587,31,task-cjtc,,35489813,qdvg4,9856429,,complete,,,computer,Desktop or Laptop,Mac OS 10.15.7,Chrome 120.0.0.0,1440x900,1440x813,,,,Stroop Task,5,DGS,spreadsheet_stroop_100,spreadsheet_stroop_100,103,71,2,Screen 2,buttona,response_keyboard,883.5,,,yellow,1,1,0,0,,,,,1,Trials,YELLOWred.jpg,yellow,0,0
177,1708881261398,25/02/2024 17:14:21,1708881261323,1,25/02/2024 18:14:21,143587,31,task-cjtc,,35489813,qdvg4,9856429,,complete,,,computer,Desktop or Laptop,Mac OS 10.15.7,Chrome 120.0.0.0,1440x900,1440x813,,,,Stroop Task,5,DGS,spreadsheet_stroop_100,spreadsheet_stroop_100,87,72,1,Screen 1,fixation,fixation,500.69999999998254,,,,,0,1,0,,,,,1,Trials,REDblue.jpg,red,0,0
178,1708881262207,25/02/2024 17:14:22,1708881262114,1,25/02/2024 18:14:22,143587,31,task-cjtc,,35489813,qdvg4,9856429,,complete,,,computer,Desktop or Laptop,Mac OS 10.15.7,Chrome 120.0.0.0,1440x900,1440x813,,,,Stroop Task,5,DGS,spreadsheet_stroop_100,spreadsheet_stroop_100,87,72,2,Screen 2,buttona,response_keyboard,782.9000000953674,,,red,1,1,0,0,,,,,1,Trials,REDblue.jpg,red,0,0
179,1708881262686,25/02/2024 17:14:22,1708881262606,1,25/02/2024 18:14:22,143587,31,task-cjtc,,35489813,qdvg4,9856429,,complete,,,computer,Desktop or Laptop,Mac OS 10.15.7,Chrome 120.0.0.0,1440x900,1440x813,,,,Stroop Task,5,DGS,spreadsheet_stroop_100,spreadsheet_stroop_100,117,73,1,Screen 1,fixation,fixation,500,,,,,0,1,0,,,,,1,Trials,YELLOWyellow.jpg,yellow,1,0
180,1708881263224,25/02/2024 17:14:23,1708881263150,1,25/02/2024 18:14:23,143587,31,task-cjtc,,35489813,qdvg4,9856429,,complete,,,computer,Desktop or Laptop,Mac OS 10.15.7,Chrome 120.0.0.0,1440x900,1440x813,,,,Stroop Task,5,DGS,spreadsheet_stroop_100,spreadsheet_stroop_100,117,73,2,Screen 2,buttona,response_keyboard,535.8999996185303,,,yellow,1,1,0,0,,,,,1,Trials,YELLOWyellow.jpg,yellow,1,0
181,1708881263726,25/02/2024 17:14:23,1708881263640,1,25/02/2024 18:14:23,143587,31,task-cjtc,,35489813,qdvg4,9856429,,complete,,,computer,Desktop or Laptop,Mac OS 10.15.7,Chrome 120.0.0.0,1440x900,1440x813,,,,Stroop Task,5,DGS,spreadsheet_stroop_100,spreadsheet_stroop_100,70,74,1,Screen 1,fixation,fixation,500.1000000000058,,,,,0,1,0,,,,,1,Trials,BLUEblue.jpg,blue,0,0
182,1708881264382,25/02/2024 17:14:24,1708881264307,1,25/02/2024 18:14:24,143587,31,task-cjtc,,35489813,qdvg4,9856429,,complete,,,computer,Desktop or Laptop,Mac OS 10.15.7,Chrome 120.0.0.0,1440x900,1440x813,,,,Stroop Task,5,DGS,spreadsheet_stroop_100,spreadsheet_stroop_100,70,74,2,Screen 2,buttonb,response_keyboard,659.5999999046326,,,blue,1,1,0,0,,,,,1,Trials,BLUEblue.jpg,blue,0,0
183,1708881264888,25/02/2024 17:14:24,1708881264804,1,25/02/2024 18:14:24,143587,31,task-cjtc,,35489813,qdvg4,9856429,,complete,,,computer,Desktop or Laptop,Mac OS 10.15.7,Chrome 120.0.0.0,1440x900,1440x813,,,,Stroop Task,5,DGS,spreadsheet_stroop_100,spreadsheet_stroop_100,116,75,1,Screen 1,fixation,fixation,500,,,,,0,1,0,,,,,1,Trials,GREENgreen.jpg,green,1,0
184,1708881265315,25/02/2024 17:14:25,1708881265236,1,25/02/2024 18:14:25,143587,31,task-cjtc,,35489813,qdvg4,9856429,,complete,,,computer,Desktop or Laptop,Mac OS 10.15.7,Chrome 120.0.0.0,1440x900,1440x813,,,,Stroop Task,5,DGS,spreadsheet_stroop_100,spreadsheet_stroop_100,116,75,2,Screen 2,buttonb,response_keyboard,425,,,green,1,1,0,0,,,,,1,Trials,GREENgreen.jpg,green,1,0
185,1708881265806,25/02/2024 17:14:25,1708881265723,1,25/02/2024 18:14:25,143587,31,task-cjtc,,35489813,qdvg4,9856429,,complete,,,computer,Desktop or Laptop,Mac OS 10.15.7,Chrome 120.0.0.0,1440x900,1440x813,,,,Stroop Task,5,DGS,spreadsheet_stroop_100,spreadsheet_stroop_100,98,76,1,Screen 1,fixation,fixation,500,,,,,0,1,0,,,,,1,Trials,REDred.jpg,red,1,0
186,1708881266400,25/02/2024 17:14:26,1708881266320,1,25/02/2024 18:14:26,143587,31,task-cjtc,,35489813,qdvg4,9856429,,complete,,,computer,Desktop or Laptop,Mac OS 10.15.7,Chrome 120.0.0.0,1440x900,1440x813,,,,Stroop Task,5,DGS,spreadsheet_stroop_100,spreadsheet_stroop_100,98,76,2,Screen 2,buttona,response_keyboard,589.7000002861023,,,red,1,1,0,0,,,,,1,Trials,REDred.jpg,red,1,0
187,1708881266892,25/02/2024 17:14:26,1708881266806,1,25/02/2024 18:14:26,143587,31,task-cjtc,,35489813,qdvg4,9856429,,complete,,,computer,Desktop or Laptop,Mac OS 10.15.7,Chrome 120.0.0.0,1440x900,1440x813,,,,Stroop Task,5,DGS,spreadsheet_stroop_100,spreadsheet_stroop_100,111,77,1,Screen 1,fixation,fixation,499.8999999999942,,,,,0,1,0,,,,,1,Trials,YELLOWyellow.jpg,yellow,1,0
188,1708881267346,25/02/2024 17:14:27,1708881267256,1,25/02/2024 18:14:27,143587,31,task-cjtc,,35489813,qdvg4,9856429,,complete,,,computer,Desktop or Laptop,Mac OS 10.15.7,Chrome 120.0.0.0,1440x900,1440x813,,,,Stroop Task,5,DGS,spreadsheet_stroop_100,spreadsheet_stroop_100,111,77,2,Screen 2,buttona,response_keyboard,441.09999990463257,,,yellow,1,1,0,0,,,,,1,Trials,YELLOWyellow.jpg,yellow,1,0
189,1708881267819,25/02/2024 17:14:27,1708881267738,1,25/02/2024 18:14:27,143587,31,task-cjtc,,35489813,qdvg4,9856429,,complete,,,computer,Desktop or Laptop,Mac OS 10.15.7,Chrome 120.0.0.0,1440x900,1440x813,,,,Stroop Task,5,DGS,spreadsheet_stroop_100,spreadsheet_stroop_100,100,78,1,Screen 1,fixation,fixation,500,,,,,0,1,0,,,,,1,Trials,BLUEred.jpg,blue,0,0
190,1708881268670,25/02/2024 17:14:28,1708881268596,1,25/02/2024 18:14:28,143587,31,task-cjtc,,35489813,qdvg4,9856429,,complete,,,computer,Desktop or Laptop,Mac OS 10.15.7,Chrome 120.0.0.0,1440x900,1440x813,,,,Stroop Task,5,DGS,spreadsheet_stroop_100,spreadsheet_stroop_100,100,78,2,Screen 2,buttonb,response_keyboard,851.8000001907349,,,blue,1,1,0,0,,,,,1,Trials,BLUEred.jpg,blue,0,0
191,1708881269163,25/02/2024 17:14:29,1708881269087,1,25/02/2024 18:14:29,143587,31,task-cjtc,,35489813,qdvg4,9856429,,complete,,,computer,Desktop or Laptop,Mac OS 10.15.7,Chrome 120.0.0.0,1440x900,1440x813,,,,Stroop Task,5,DGS,spreadsheet_stroop_100,spreadsheet_stroop_100,52,79,1,Screen 1,fixation,fixation,499.9000000000233,,,,,0,1,0,,,,,1,Trials,BLUEblue.jpg,blue,1,0
192,1708881269790,25/02/2024 17:14:29,1708881269705,1,25/02/2024 18:14:29,143587,31,task-cjtc,,35489813,qdvg4,9856429,,complete,,,computer,Desktop or Laptop,Mac OS 10.15.7,Chrome 120.0.0.0,1440x900,1440x813,,,,Stroop Task,5,DGS,spreadsheet_stroop_100,spreadsheet_stroop_100,52,79,2,Screen 2,buttonb,response_keyboard,611.3000001907349,,,blue,1,1,0,0,,,,,1,Trials,BLUEblue.jpg,blue,1,0
193,1708881270288,25/02/2024 17:14:30,1708881270206,1,25/02/2024 18:14:30,143587,31,task-cjtc,,35489813,qdvg4,9856429,,complete,,,computer,Desktop or Laptop,Mac OS 10.15.7,Chrome 120.0.0.0,1440x900,1440x813,,,,Stroop Task,5,DGS,spreadsheet_stroop_100,spreadsheet_stroop_100,74,80,1,Screen 1,fixation,fixation,500.1000000000058,,,,,0,1,0,,,,,1,Trials,GREENgreen.jpg,green,1,0
194,1708881270816,25/02/2024 17:14:30,1708881270732,1,25/02/2024 18:14:30,143587,31,task-cjtc,,35489813,qdvg4,9856429,,complete,,,computer,Desktop or Laptop,Mac OS 10.15.7,Chrome 120.0.0.0,1440x900,1440x813,,,,Stroop Task,5,DGS,spreadsheet_stroop_100,spreadsheet_stroop_100,74,80,2,Screen 2,buttonb,response_keyboard,519,,,green,1,1,0,0,,,,,1,Trials,GREENgreen.jpg,green,1,0
195,1708881271307,25/02/2024 17:14:31,1708881271223,1,25/02/2024 18:14:31,143587,31,task-cjtc,,35489813,qdvg4,9856429,,complete,,,computer,Desktop or Laptop,Mac OS 10.15.7,Chrome 120.0.0.0,1440x900,1440x813,,,,Stroop Task,5,DGS,spreadsheet_stroop_100,spreadsheet_stroop_100,84,81,1,Screen 1,fixation,fixation,500.70000000001164,,,,,0,1,0,,,,,1,Trials,BLUEblue.jpg,blue,1,0
196,1708881271981,25/02/2024 17:14:31,1708881271894,1,25/02/2024 18:14:31,143587,31,task-cjtc,,35489813,qdvg4,9856429,,complete,,,computer,Desktop or Laptop,Mac OS 10.15.7,Chrome 120.0.0.0,1440x900,1440x813,,,,Stroop Task,5,DGS,spreadsheet_stroop_100,spreadsheet_stroop_100,84,81,2,Screen 2,buttonb,response_keyboard,663,,,blue,1,1,0,0,,,,,1,Trials,BLUEblue.jpg,blue,1,0
197,1708881272482,25/02/2024 17:14:32,1708881272389,1,25/02/2024 18:14:32,143587,31,task-cjtc,,35489813,qdvg4,9856429,,complete,,,computer,Desktop or Laptop,Mac OS 10.15.7,Chrome 120.0.0.0,1440x900,1440x813,,,,Stroop Task,5,DGS,spreadsheet_stroop_100,spreadsheet_stroop_100,82,82,1,Screen 1,fixation,fixation,500,,,,,0,1,0,,,,,1,Trials,BLUEblue.jpg,blue,1,0
198,1708881272944,25/02/2024 17:14:32,1708881272866,1,25/02/2024 18:14:32,143587,31,task-cjtc,,35489813,qdvg4,9856429,,complete,,,computer,Desktop or Laptop,Mac OS 10.15.7,Chrome 120.0.0.0,1440x900,1440x813,,,,Stroop Task,5,DGS,spreadsheet_stroop_100,spreadsheet_stroop_100,82,82,2,Screen 2,buttonb,response_keyboard,470,,,blue,1,1,0,0,,,,,1,Trials,BLUEblue.jpg,blue,1,0
199,1708881273432,25/02/2024 17:14:33,1708881273356,1,25/02/2024 18:14:33,143587,31,task-cjtc,,35489813,qdvg4,9856429,,complete,,,computer,Desktop or Laptop,Mac OS 10.15.7,Chrome 120.0.0.0,1440x900,1440x813,,,,Stroop Task,5,DGS,spreadsheet_stroop_100,spreadsheet_stroop_100,106,83,1,Screen 1,fixation,fixation,500,,,,,0,1,0,,,,,1,Trials,BLUEblue.jpg,blue,1,0
200,1708881273956,25/02/2024 17:14:33,1708881273874,1,25/02/2024 18:14:33,143587,31,task-cjtc,,35489813,qdvg4,9856429,,complete,,,computer,Desktop or Laptop,Mac OS 10.15.7,Chrome 120.0.0.0,1440x900,1440x813,,,,Stroop Task,5,DGS,spreadsheet_stroop_100,spreadsheet_stroop_100,106,83,2,Screen 2,buttonb,response_keyboard,510.8999996185303,,,blue,1,1,0,0,,,,,1,Trials,BLUEblue.jpg,blue,1,0
201,1708881274460,25/02/2024 17:14:34,1708881274372,1,25/02/2024 18:14:34,143587,31,task-cjtc,,35489813,qdvg4,9856429,,complete,,,computer,Desktop or Laptop,Mac OS 10.15.7,Chrome 120.0.0.0,1440x900,1440x813,,,,Stroop Task,5,DGS,spreadsheet_stroop_100,spreadsheet_stroop_100,63,84,1,Screen 1,fixation,fixation,499.8999999999942,,,,,0,1,0,,,,,1,Trials,REDyellow.jpg,red,0,0
202,1708881275138,25/02/2024 17:14:35,1708881275050,1,25/02/2024 18:14:35,143587,31,task-cjtc,,35489813,qdvg4,9856429,,complete,,,computer,Desktop or Laptop,Mac OS 10.15.7,Chrome 120.0.0.0,1440x900,1440x813,,,,Stroop Task,5,DGS,spreadsheet_stroop_100,spreadsheet_stroop_100,63,84,2,Screen 2,buttona,response_keyboard,671.5,,,red,1,1,0,0,,,,,1,Trials,REDyellow.jpg,red,0,0
203,1708881275609,25/02/2024 17:14:35,1708881275538,1,25/02/2024 18:14:35,143587,31,task-cjtc,,35489813,qdvg4,9856429,,complete,,,computer,Desktop or Laptop,Mac OS 10.15.7,Chrome 120.0.0.0,1440x900,1440x813,,,,Stroop Task,5,DGS,spreadsheet_stroop_100,spreadsheet_stroop_100,46,85,1,Screen 1,fixation,fixation,500,,,,,0,1,0,,,,,1,Trials,BLUEred.jpg,blue,0,0
204,1708881276665,25/02/2024 17:14:36,1708881276247,1,25/02/2024 18:14:36,143587,31,task-cjtc,,35489813,qdvg4,9856429,,complete,,,computer,Desktop or Laptop,Mac OS 10.15.7,Chrome 120.0.0.0,1440x900,1440x813,,,,Stroop Task,5,DGS,spreadsheet_stroop_100,spreadsheet_stroop_100,46,85,2,Screen 2,buttonb,response_keyboard,701.6999998092651,,,blue,1,1,0,0,,,,,1,Trials,BLUEred.jpg,blue,0,0
205,1708881276812,25/02/2024 17:14:36,1708881276740,1,25/02/2024 18:14:36,143587,31,task-cjtc,,35489813,qdvg4,9856429,,complete,,,computer,Desktop or Laptop,Mac OS 10.15.7,Chrome 120.0.0.0,1440x900,1440x813,,,,Stroop Task,5,DGS,spreadsheet_stroop_100,spreadsheet_stroop_100,81,86,1,Screen 1,fixation,fixation,500.1000000000058,,,,,0,1,0,,,,,1,Trials,GREENgreen.jpg,green,1,0
206,1708881277509,25/02/2024 17:14:37,1708881277425,1,25/02/2024 18:14:37,143587,31,task-cjtc,,35489813,qdvg4,9856429,,complete,,,computer,Desktop or Laptop,Mac OS 10.15.7,Chrome 120.0.0.0,1440x900,1440x813,,,,Stroop Task,5,DGS,spreadsheet_stroop_100,spreadsheet_stroop_100,81,86,2,Screen 2,buttonb,response_keyboard,676.8000001907349,,,green,1,1,0,0,,,,,1,Trials,GREENgreen.jpg,green,1,0
207,1708881278007,25/02/2024 17:14:38,1708881277923,1,25/02/2024 18:14:37,143587,31,task-cjtc,,35489813,qdvg4,9856429,,complete,,,computer,Desktop or Laptop,Mac OS 10.15.7,Chrome 120.0.0.0,1440x900,1440x813,,,,Stroop Task,5,DGS,spreadsheet_stroop_100,spreadsheet_stroop_100,43,87,1,Screen 1,fixation,fixation,500,,,,,0,1,0,,,,,1,Trials,BLUEgreen.jpg,blue,0,0
208,1708881278856,25/02/2024 17:14:38,1708881278785,1,25/02/2024 18:14:38,143587,31,task-cjtc,,35489813,qdvg4,9856429,,complete,,,computer,Desktop or Laptop,Mac OS 10.15.7,Chrome 120.0.0.0,1440x900,1440x813,,,,Stroop Task,5,DGS,spreadsheet_stroop_100,spreadsheet_stroop_100,43,87,2,Screen 2,buttonb,response_keyboard,854.5,,,blue,1,1,0,0,,,,,1,Trials,BLUEgreen.jpg,blue,0,0
209,1708881279355,25/02/2024 17:14:39,1708881279273,1,25/02/2024 18:14:39,143587,31,task-cjtc,,35489813,qdvg4,9856429,,complete,,,computer,Desktop or Laptop,Mac OS 10.15.7,Chrome 120.0.0.0,1440x900,1440x813,,,,Stroop Task,5,DGS,spreadsheet_stroop_100,spreadsheet_stroop_100,64,88,1,Screen 1,fixation,fixation,500,,,,,0,1,0,,,,,1,Trials,REDblue.jpg,red,0,0
210,1708881279956,25/02/2024 17:14:39,1708881279881,1,25/02/2024 18:14:39,143587,31,task-cjtc,,35489813,qdvg4,9856429,,complete,,,computer,Desktop or Laptop,Mac OS 10.15.7,Chrome 120.0.0.0,1440x900,1440x813,,,,Stroop Task,5,DGS,spreadsheet_stroop_100,spreadsheet_stroop_100,64,88,2,Screen 2,buttona,response_keyboard,602.2999997138977,,,red,1,1,0,0,,,,,1,Trials,REDblue.jpg,red,0,0
211,1708881280460,25/02/2024 17:14:40,1708881280373,1,25/02/2024 18:14:40,143587,31,task-cjtc,,35489813,qdvg4,9856429,,complete,,,computer,Desktop or Laptop,Mac OS 10.15.7,Chrome 120.0.0.0,1440x900,1440x813,,,,Stroop Task,5,DGS,spreadsheet_stroop_100,spreadsheet_stroop_100,93,89,1,Screen 1,fixation,fixation,499.8999999999942,,,,,0,1,0,,,,,1,Trials,YELLOWyellow.jpg,yellow,1,0
212,1708881281009,25/02/2024 17:14:41,1708881280939,1,25/02/2024 18:14:40,143587,31,task-cjtc,,35489813,qdvg4,9856429,,complete,,,computer,Desktop or Laptop,Mac OS 10.15.7,Chrome 120.0.0.0,1440x900,1440x813,,,,Stroop Task,5,DGS,spreadsheet_stroop_100,spreadsheet_stroop_100,93,89,2,Screen 2,buttona,response_keyboard,560.1999998092651,,,yellow,1,1,0,0,,,,,1,Trials,YELLOWyellow.jpg,yellow,1,0
213,1708881281537,25/02/2024 17:14:41,1708881281439,1,25/02/2024 18:14:41,143587,31,task-cjtc,,35489813,qdvg4,9856429,,complete,,,computer,Desktop or Laptop,Mac OS 10.15.7,Chrome 120.0.0.0,1440x900,1440x813,,,,Stroop Task,5,DGS,spreadsheet_stroop_100,spreadsheet_stroop_100,58,90,1,Screen 1,fixation,fixation,500.70000000001164,,,,,0,1,0,,,,,1,Trials,REDyellow.jpg,red,0,0
214,1708881282046,25/02/2024 17:14:42,1708881281970,1,25/02/2024 18:14:41,143587,31,task-cjtc,,35489813,qdvg4,9856429,,complete,,,computer,Desktop or Laptop,Mac OS 10.15.7,Chrome 120.0.0.0,1440x900,1440x813,,,,Stroop Task,5,DGS,spreadsheet_stroop_100,spreadsheet_stroop_100,58,90,2,Screen 2,buttona,response_keyboard,524.7999997138977,,,red,1,1,0,0,,,,,1,Trials,REDyellow.jpg,red,0,0
215,1708881282548,25/02/2024 17:14:42,1708881282456,1,25/02/2024 18:14:42,143587,31,task-cjtc,,35489813,qdvg4,9856429,,complete,,,computer,Desktop or Laptop,Mac OS 10.15.7,Chrome 120.0.0.0,1440x900,1440x813,,,,Stroop Task,5,DGS,spreadsheet_stroop_100,spreadsheet_stroop_100,86,91,1,Screen 1,fixation,fixation,499.8999999999942,,,,,0,1,0,,,,,1,Trials,REDred.jpg,red,1,0
216,1708881283075,25/02/2024 17:14:43,1708881282971,1,25/02/2024 18:14:42,143587,31,task-cjtc,,35489813,qdvg4,9856429,,complete,,,computer,Desktop or Laptop,Mac OS 10.15.7,Chrome 120.0.0.0,1440x900,1440x813,,,,Stroop Task,5,DGS,spreadsheet_stroop_100,spreadsheet_stroop_100,86,91,2,Screen 2,buttona,response_keyboard,507.30000019073486,,,red,1,1,0,0,,,,,1,Trials,REDred.jpg,red,1,0
217,1708881283530,25/02/2024 17:14:43,1708881283457,1,25/02/2024 18:14:43,143587,31,task-cjtc,,35489813,qdvg4,9856429,,complete,,,computer,Desktop or Laptop,Mac OS 10.15.7,Chrome 120.0.0.0,1440x900,1440x813,,,,Stroop Task,5,DGS,spreadsheet_stroop_100,spreadsheet_stroop_100,78,92,1,Screen 1,fixation,fixation,500,,,,,0,1,0,,,,,1,Trials,YELLOWblue.jpg,yellow,0,0
218,1708881284226,25/02/2024 17:14:44,1708881284142,1,25/02/2024 18:14:44,143587,31,task-cjtc,,35489813,qdvg4,9856429,,complete,,,computer,Desktop or Laptop,Mac OS 10.15.7,Chrome 120.0.0.0,1440x900,1440x813,,,,Stroop Task,5,DGS,spreadsheet_stroop_100,spreadsheet_stroop_100,78,92,2,Screen 2,buttona,response_keyboard,677.7999997138977,,,yellow,1,1,0,0,,,,,1,Trials,YELLOWblue.jpg,yellow,0,0
219,1708881284726,25/02/2024 17:14:44,1708881284639,1,25/02/2024 18:14:44,143587,31,task-cjtc,,35489813,qdvg4,9856429,,complete,,,computer,Desktop or Laptop,Mac OS 10.15.7,Chrome 120.0.0.0,1440x900,1440x813,,,,Stroop Task,5,DGS,spreadsheet_stroop_100,spreadsheet_stroop_100,39,93,1,Screen 1,fixation,fixation,500.1000000000058,,,,,0,1,0,,,,,1,Trials,GREENblue.jpg,green,0,0
220,1708881285615,25/02/2024 17:14:45,1708881285533,1,25/02/2024 18:14:45,143587,31,task-cjtc,,35489813,qdvg4,9856429,,complete,,,computer,Desktop or Laptop,Mac OS 10.15.7,Chrome 120.0.0.0,1440x900,1440x813,,,,Stroop Task,5,DGS,spreadsheet_stroop_100,spreadsheet_stroop_100,39,93,2,Screen 2,buttonb,response_keyboard,886.9000000953674,,,green,1,1,0,0,,,,,1,Trials,GREENblue.jpg,green,0,0
221,1708881286103,25/02/2024 17:14:46,1708881286023,1,25/02/2024 18:14:46,143587,31,task-cjtc,,35489813,qdvg4,9856429,,complete,,,computer,Desktop or Laptop,Mac OS 10.15.7,Chrome 120.0.0.0,1440x900,1440x813,,,,Stroop Task,5,DGS,spreadsheet_stroop_100,spreadsheet_stroop_100,115,94,1,Screen 1,fixation,fixation,499.8999999999942,,,,,0,1,0,,,,,1,Trials,BLUEblue.jpg,blue,1,0
222,1708881286631,25/02/2024 17:14:46,1708881286536,1,25/02/2024 18:14:46,143587,31,task-cjtc,,35489813,qdvg4,9856429,,complete,,,computer,Desktop or Laptop,Mac OS 10.15.7,Chrome 120.0.0.0,1440x900,1440x813,,,,Stroop Task,5,DGS,spreadsheet_stroop_100,spreadsheet_stroop_100,115,94,2,Screen 2,buttonb,response_keyboard,505.3999996185303,,,blue,1,1,0,0,,,,,1,Trials,BLUEblue.jpg,blue,1,0
223,1708881287096,25/02/2024 17:14:47,1708881287022,1,25/02/2024 18:14:47,143587,31,task-cjtc,,35489813,qdvg4,9856429,,complete,,,computer,Desktop or Laptop,Mac OS 10.15.7,Chrome 120.0.0.0,1440x900,1440x813,,,,Stroop Task,5,DGS,spreadsheet_stroop_100,spreadsheet_stroop_100,89,95,1,Screen 1,fixation,fixation,499.8999999999942,,,,,0,1,0,,,,,1,Trials,GREENred.jpg,green,0,0
224,1708881287874,25/02/2024 17:14:47,1708881287798,1,25/02/2024 18:14:47,143587,31,task-cjtc,,35489813,qdvg4,9856429,,complete,,,computer,Desktop or Laptop,Mac OS 10.15.7,Chrome 120.0.0.0,1440x900,1440x813,,,,Stroop Task,5,DGS,spreadsheet_stroop_100,spreadsheet_stroop_100,89,95,2,Screen 2,buttonb,response_keyboard,768.8999996185303,,,green,1,1,0,0,,,,,1,Trials,GREENred.jpg,green,0,0
225,1708881288373,25/02/2024 17:14:48,1708881288289,1,25/02/2024 18:14:48,143587,31,task-cjtc,,35489813,qdvg4,9856429,,complete,,,computer,Desktop or Laptop,Mac OS 10.15.7,Chrome 120.0.0.0,1440x900,1440x813,,,,Stroop Task,5,DGS,spreadsheet_stroop_100,spreadsheet_stroop_100,31,96,1,Screen 1,fixation,fixation,500,,,,,0,1,0,,,,,1,Trials,GREENblue.jpg,green,0,0
226,1708881289058,25/02/2024 17:14:49,1708881288988,1,25/02/2024 18:14:48,143587,31,task-cjtc,,35489813,qdvg4,9856429,,complete,,,computer,Desktop or Laptop,Mac OS 10.15.7,Chrome 120.0.0.0,1440x900,1440x813,,,,Stroop Task,5,DGS,spreadsheet_stroop_100,spreadsheet_stroop_100,31,96,2,Screen 2,buttonb,response_keyboard,691.3000001907349,,,green,1,1,0,0,,,,,1,Trials,GREENblue.jpg,green,0,0
227,1708881289547,25/02/2024 17:14:49,1708881289471,1,25/02/2024 18:14:49,143587,31,task-cjtc,,35489813,qdvg4,9856429,,complete,,,computer,Desktop or Laptop,Mac OS 10.15.7,Chrome 120.0.0.0,1440x900,1440x813,,,,Stroop Task,5,DGS,spreadsheet_stroop_100,spreadsheet_stroop_100,19,97,1,Screen 1,fixation,fixation,500.0999999999767,,,,,0,1,0,,,,,1,Trials,YELLOWyellow.jpg,yellow,1,0
228,1708881290409,25/02/2024 17:14:50,1708881290330,1,25/02/2024 18:14:50,143587,31,task-cjtc,,35489813,qdvg4,9856429,,complete,,,computer,Desktop or Laptop,Mac OS 10.15.7,Chrome 120.0.0.0,1440x900,1440x813,,,,Stroop Task,5,DGS,spreadsheet_stroop_100,spreadsheet_stroop_100,19,97,2,Screen 2,buttona,response_keyboard,852.2999997138977,,,yellow,1,1,0,0,,,,,1,Trials,YELLOWyellow.jpg,yellow,1,0
229,1708881290917,25/02/2024 17:14:50,1708881290822,1,25/02/2024 18:14:50,143587,31,task-cjtc,,35489813,qdvg4,9856429,,complete,,,computer,Desktop or Laptop,Mac OS 10.15.7,Chrome 120.0.0.0,1440x900,1440x813,,,,Stroop Task,5,DGS,spreadsheet_stroop_100,spreadsheet_stroop_100,85,98,1,Screen 1,fixation,fixation,500,,,,,0,1,0,,,,,1,Trials,GREENblue.jpg,green,1,0
230,1708881291757,25/02/2024 17:14:51,1708881291679,1,25/02/2024 18:14:51,143587,31,task-cjtc,,35489813,qdvg4,9856429,,complete,,,computer,Desktop or Laptop,Mac OS 10.15.7,Chrome 120.0.0.0,1440x900,1440x813,,,,Stroop Task,5,DGS,spreadsheet_stroop_100,spreadsheet_stroop_100,85,98,2,Screen 2,buttonb,response_keyboard,851.0999999046326,,,green,1,1,0,0,,,,,1,Trials,GREENblue.jpg,green,1,0
231,1708881292252,25/02/2024 17:14:52,1708881292173,1,25/02/2024 18:14:52,143587,31,task-cjtc,,35489813,qdvg4,9856429,,complete,,,computer,Desktop or Laptop,Mac OS 10.15.7,Chrome 120.0.0.0,1440x900,1440x813,,,,Stroop Task,5,DGS,spreadsheet_stroop_100,spreadsheet_stroop_100,49,99,1,Screen 1,fixation,fixation,500,,,,,0,1,0,,,,,1,Trials,BLUEyellow.jpg,blue,0,0
232,1708881292951,25/02/2024 17:14:52,1708881292857,1,25/02/2024 18:14:52,143587,31,task-cjtc,,35489813,qdvg4,9856429,,complete,,,computer,Desktop or Laptop,Mac OS 10.15.7,Chrome 120.0.0.0,1440x900,1440x813,,,,Stroop Task,5,DGS,spreadsheet_stroop_100,spreadsheet_stroop_100,49,99,2,Screen 2,buttonb,response_keyboard,677.1000003814697,,,blue,1,1,0,0,,,,,1,Trials,BLUEyellow.jpg,blue,0,0
233,1708881293426,25/02/2024 17:14:53,1708881293339,1,25/02/2024 18:14:53,143587,31,task-cjtc,,35489813,qdvg4,9856429,,complete,,,computer,Desktop or Laptop,Mac OS 10.15.7,Chrome 120.0.0.0,1440x900,1440x813,,,,Stroop Task,5,DGS,spreadsheet_stroop_100,spreadsheet_stroop_100,68,100,1,Screen 1,fixation,fixation,499.8999999999942,,,,,0,1,0,,,,,1,Trials,BLUEblue.jpg,blue,1,0
234,1708881293920,25/02/2024 17:14:53,1708881293850,1,25/02/2024 18:14:53,143587,31,task-cjtc,,35489813,qdvg4,9856429,,complete,,,computer,Desktop or Laptop,Mac OS 10.15.7,Chrome 120.0.0.0,1440x900,1440x813,,,,Stroop Task,5,DGS,spreadsheet_stroop_100,spreadsheet_stroop_100,68,100,2,Screen 2,buttonb,response_keyboard,503.30000019073486,,,blue,1,1,0,0,,,,,1,Trials,BLUEblue.jpg,blue,1,0
235,1708881301856,25/02/2024 17:15:01,1708881301776,1,25/02/2024 18:15:01,143587,31,task-cjtc,,35489813,qdvg4,9856429,,complete,,,computer,Desktop or Laptop,Mac OS 10.15.7,Chrome 120.0.0.0,1440x900,1440x813,,,,Stroop Task,5,DGS,spreadsheet_stroop_100,spreadsheet_stroop_100,119,1,1,Screen 1,advancementZone,continue_button,7920.199999809265,,,,,0,1,0,,,,,,End,,,,
236,1708881303712,25/02/2024 17:15:03,1708881303626,1,25/02/2024 18:15:03,143587,31,task-cjtc,,35489813,qdvg4,9856429,,complete,,,computer,Desktop or Laptop,Mac OS 10.15.7,Chrome 120.0.0.0,1440x900,1440x813,,,,Stroop Task,5,DGS,spreadsheet_stroop_100,spreadsheet_stroop_100,119,1,2,Screen 2,button,continue_button,1845.5999999046326,,,,,0,1,0,,,,,,End,,,,
237,1708881303815,25/02/2024 17:15:03,1708881303629,1,25/02/2024 18:15:03,143587,31,task-cjtc,,35489813,qdvg4,9856429,,complete,,,computer,Desktop or Laptop,Mac OS 10.15.7,Chrome 120.0.0.0,1440x900,1440x813,,,,Stroop Task,5,DGS,spreadsheet_stroop_100,,,END TASK,,,,,256757,,,,,0,1,0,,,,,,,,,,
END OF FILE
